time,wind_speed_10m (km/h),wind_direction_10m (Â°)
2024-01-01T00:00,8.6,285
2024-01-01T01:00,9.0,299
2024-01-01T02:00,11.1,299
2024-01-01T03:00,14.0,314
2024-01-01T04:00,14.6,320
2024-01-01T05:00,13.3,360
2024-01-01T06:00,12.0,9
2024-01-01T07:00,12.0,339
2024-01-01T08:00,13.0,332
2024-01-01T09:00,11.3,333
2024-01-01T10:00,10.2,337
2024-01-01T11:00,8.3,342
2024-01-01T12:00,6.2,350
2024-01-01T13:00,2.6,344
2024-01-01T14:00,0.7,180
2024-01-01T15:00,5.2,192
2024-01-01T16:00,5.4,222
2024-01-01T17:00,3.3,257
2024-01-01T18:00,6.4,297
2024-01-01T19:00,5.1,321
2024-01-01T20:00,4.6,342
2024-01-01T21:00,6.6,347
2024-01-01T22:00,7.5,343
2024-01-01T23:00,7.6,341
2024-01-02T00:00,10.0,347
2024-01-02T01:00,10.6,342
2024-01-02T02:00,10.1,343
2024-01-02T03:00,11.4,349
2024-01-02T04:00,10.9,343
2024-01-02T05:00,8.9,339
2024-01-02T06:00,7.0,348
2024-01-02T07:00,5.8,356
2024-01-02T08:00,5.5,349
2024-01-02T09:00,3.3,347
2024-01-02T10:00,2.2,351
2024-01-02T11:00,3.6,315
2024-01-02T12:00,10.1,235
2024-01-02T13:00,15.5,222
2024-01-02T14:00,19.3,225
2024-01-02T15:00,20.9,225
2024-01-02T16:00,21.9,225
2024-01-02T17:00,20.4,226
2024-01-02T18:00,20.3,237
2024-01-02T19:00,16.3,242
2024-01-02T20:00,11.5,256
2024-01-02T21:00,4.3,294
2024-01-02T22:00,3.7,331
2024-01-02T23:00,3.8,319
2024-01-03T00:00,3.6,315
2024-01-03T01:00,3.6,323
2024-01-03T02:00,3.9,326
2024-01-03T03:00,3.8,343
2024-01-03T04:00,2.1,329
2024-01-03T05:00,3.3,319
2024-01-03T06:00,4.0,333
2024-01-03T07:00,7.1,345
2024-01-03T08:00,8.7,353
2024-01-03T09:00,11.4,13
2024-01-03T10:00,5.9,43
2024-01-03T11:00,3.6,37
2024-01-03T12:00,4.8,27
2024-01-03T13:00,5.9,76
2024-01-03T14:00,7.3,101
2024-01-03T15:00,3.3,167
2024-01-03T16:00,12.7,215
2024-01-03T17:00,16.0,224
2024-01-03T18:00,17.3,228
2024-01-03T19:00,17.8,234
2024-01-03T20:00,19.2,236
2024-01-03T21:00,14.5,240
2024-01-03T22:00,14.2,249
2024-01-03T23:00,15.2,256
2024-01-04T00:00,14.1,257
2024-01-04T01:00,12.4,244
2024-01-04T02:00,11.0,251
2024-01-04T03:00,14.4,273
2024-01-04T04:00,15.0,280
2024-01-04T05:00,15.0,280
2024-01-04T06:00,9.6,250
2024-01-04T07:00,5.5,238
2024-01-04T08:00,5.2,192
2024-01-04T09:00,3.9,158
2024-01-04T10:00,5.4,352
2024-01-04T11:00,8.8,351
2024-01-04T12:00,7.6,360
2024-01-04T13:00,3.6,315
2024-01-04T14:00,6.6,209
2024-01-04T15:00,9.0,209
2024-01-04T16:00,6.1,177
2024-01-04T17:00,3.3,96
2024-01-04T18:00,4.9,36
2024-01-04T19:00,4.5,14
2024-01-04T20:00,5.4,8
2024-01-04T21:00,6.8,3
2024-01-04T22:00,5.4,356
2024-01-04T23:00,4.0,350
2024-01-05T00:00,3.6,354
2024-01-05T01:00,3.7,349
2024-01-05T02:00,5.2,348
2024-01-05T03:00,4.0,355
2024-01-05T04:00,1.1,360
2024-01-05T05:00,3.6,276
2024-01-05T06:00,3.3,6
2024-01-05T07:00,7.2,18
2024-01-05T08:00,11.1,29
2024-01-05T09:00,12.5,44
2024-01-05T10:00,11.7,56
2024-01-05T11:00,13.0,56
2024-01-05T12:00,13.9,53
2024-01-05T13:00,10.1,55
2024-01-05T14:00,10.5,38
2024-01-05T15:00,17.1,319
2024-01-05T16:00,13.0,312
2024-01-05T17:00,10.8,358
2024-01-05T18:00,14.3,10
2024-01-05T19:00,16.1,350
2024-01-05T20:00,16.4,341
2024-01-05T21:00,17.3,348
2024-01-05T22:00,13.7,315
2024-01-05T23:00,12.1,330
2024-01-06T00:00,8.1,347
2024-01-06T01:00,6.2,353
2024-01-06T02:00,4.4,351
2024-01-06T03:00,4.4,351
2024-01-06T04:00,2.3,342
2024-01-06T05:00,3.9,338
2024-01-06T06:00,5.1,352
2024-01-06T07:00,2.2,351
2024-01-06T08:00,6.2,353
2024-01-06T09:00,11.5,358
2024-01-06T10:00,8.2,345
2024-01-06T11:00,6.7,344
2024-01-06T12:00,5.2,16
2024-01-06T13:00,4.5,76
2024-01-06T14:00,3.6,127
2024-01-06T15:00,5.4,180
2024-01-06T16:00,5.2,164
2024-01-06T17:00,2.3,129
2024-01-06T18:00,4.4,171
2024-01-06T19:00,3.3,6
2024-01-06T20:00,4.3,360
2024-01-06T21:00,4.3,360
2024-01-06T22:00,4.3,360
2024-01-06T23:00,5.4,356
2024-01-07T00:00,5.9,349
2024-01-07T01:00,8.3,5
2024-01-07T02:00,9.2,334
2024-01-07T03:00,4.9,343
2024-01-07T04:00,7.9,336
2024-01-07T05:00,6.0,343
2024-01-07T06:00,5.1,4
2024-01-07T07:00,4.7,360
2024-01-07T08:00,5.2,344
2024-01-07T09:00,3.8,343
2024-01-07T10:00,3.5,336
2024-01-07T11:00,3.2,333
2024-01-07T12:00,3.1,315
2024-01-07T13:00,2.6,304
2024-01-07T14:00,1.6,297
2024-01-07T15:00,3.1,111
2024-01-07T16:00,3.4,148
2024-01-07T17:00,2.9,150
2024-01-07T18:00,4.2,110
2024-01-07T19:00,4.7,58
2024-01-07T20:00,5.6,15
2024-01-07T21:00,5.1,356
2024-01-07T22:00,7.6,8
2024-01-07T23:00,7.1,24
2024-01-08T00:00,5.0,21
2024-01-08T01:00,4.7,4
2024-01-08T02:00,6.7,16
2024-01-08T03:00,3.4,328
2024-01-08T04:00,5.5,328
2024-01-08T05:00,6.2,339
2024-01-08T06:00,5.0,330
2024-01-08T07:00,3.5,336
2024-01-08T08:00,5.1,356
2024-01-08T09:00,4.7,4
2024-01-08T10:00,4.0,355
2024-01-08T11:00,3.0,346
2024-01-08T12:00,1.9,338
2024-01-08T13:00,0.8,243
2024-01-08T14:00,1.8,180
2024-01-08T15:00,1.9,248
2024-01-08T16:00,2.0,225
2024-01-08T17:00,2.4,243
2024-01-08T18:00,3.4,288
2024-01-08T19:00,2.7,293
2024-01-08T20:00,2.3,309
2024-01-08T21:00,3.3,347
2024-01-08T22:00,4.5,346
2024-01-08T23:00,3.7,349
2024-01-09T00:00,2.5,8
2024-01-09T01:00,2.2,360
2024-01-09T02:00,3.2,333
2024-01-09T03:00,4.6,342
2024-01-09T04:00,4.2,340
2024-01-09T05:00,4.8,333
2024-01-09T06:00,4.6,315
2024-01-09T07:00,5.0,330
2024-01-09T08:00,5.0,339
2024-01-09T09:00,5.5,349
2024-01-09T10:00,6.6,351
2024-01-09T11:00,5.4,312
2024-01-09T12:00,6.8,245
2024-01-09T13:00,5.9,194
2024-01-09T14:00,3.4,148
2024-01-09T15:00,9.2,219
2024-01-09T16:00,8.9,230
2024-01-09T17:00,3.8,253
2024-01-09T18:00,2.7,293
2024-01-09T19:00,3.8,311
2024-01-09T20:00,4.0,270
2024-01-09T21:00,5.9,142
2024-01-09T22:00,3.4,18
2024-01-09T23:00,9.0,331
2024-01-10T00:00,8.0,333
2024-01-10T01:00,5.6,333
2024-01-10T02:00,3.9,338
2024-01-10T03:00,4.6,342
2024-01-10T04:00,3.4,342
2024-01-10T05:00,3.5,336
2024-01-10T06:00,7.3,340
2024-01-10T07:00,7.8,338
2024-01-10T08:00,9.1,342
2024-01-10T09:00,10.2,342
2024-01-10T10:00,11.8,337
2024-01-10T11:00,9.7,338
2024-01-10T12:00,6.4,344
2024-01-10T13:00,4.1,45
2024-01-10T14:00,7.8,77
2024-01-10T15:00,9.8,98
2024-01-10T16:00,13.0,95
2024-01-10T17:00,14.0,91
2024-01-10T18:00,13.0,88
2024-01-10T19:00,11.4,79
2024-01-10T20:00,8.3,34
2024-01-10T21:00,9.1,351
2024-01-10T22:00,9.3,347
2024-01-10T23:00,9.6,347
2024-01-11T00:00,9.3,344
2024-01-11T01:00,11.6,338
2024-01-11T02:00,13.1,339
2024-01-11T03:00,14.1,347
2024-01-11T04:00,12.8,349
2024-01-11T05:00,11.5,346
2024-01-11T06:00,11.7,342
2024-01-11T07:00,11.0,349
2024-01-11T08:00,13.6,348
2024-01-11T09:00,14.8,346
2024-01-11T10:00,14.5,346
2024-01-11T11:00,16.5,340
2024-01-11T12:00,13.7,333
2024-01-11T13:00,7.2,323
2024-01-11T14:00,4.0,85
2024-01-11T15:00,5.2,164
2024-01-11T16:00,4.9,144
2024-01-11T17:00,2.5,135
2024-01-11T18:00,3.7,191
2024-01-11T19:00,6.1,267
2024-01-11T20:00,7.1,285
2024-01-11T21:00,5.5,302
2024-01-11T22:00,3.7,349
2024-01-11T23:00,7.3,351
2024-01-12T00:00,9.4,342
2024-01-12T01:00,10.5,352
2024-01-12T02:00,11.5,356
2024-01-12T03:00,12.7,353
2024-01-12T04:00,11.6,344
2024-01-12T05:00,10.5,344
2024-01-12T06:00,10.7,348
2024-01-12T07:00,10.9,351
2024-01-12T08:00,10.7,348
2024-01-12T09:00,10.7,348
2024-01-12T10:00,11.1,347
2024-01-12T11:00,9.4,353
2024-01-12T12:00,5.4,20
2024-01-12T13:00,5.2,115
2024-01-12T14:00,6.6,135
2024-01-12T15:00,3.8,163
2024-01-12T16:00,5.1,172
2024-01-12T17:00,3.4,148
2024-01-12T18:00,6.2,111
2024-01-12T19:00,5.4,53
2024-01-12T20:00,7.2,18
2024-01-12T21:00,5.0,360
2024-01-12T22:00,7.8,347
2024-01-12T23:00,8.6,345
2024-01-13T00:00,9.3,347
2024-01-13T01:00,9.7,345
2024-01-13T02:00,10.1,343
2024-01-13T03:00,11.5,346
2024-01-13T04:00,12.3,345
2024-01-13T05:00,11.9,346
2024-01-13T06:00,10.8,345
2024-01-13T07:00,10.5,344
2024-01-13T08:00,10.6,342
2024-01-13T09:00,11.4,342
2024-01-13T10:00,12.6,347
2024-01-13T11:00,13.0,357
2024-01-13T12:00,8.4,31
2024-01-13T13:00,6.8,108
2024-01-13T14:00,6.6,135
2024-01-13T15:00,6.6,158
2024-01-13T16:00,7.4,157
2024-01-13T17:00,4.5,166
2024-01-13T18:00,3.1,126
2024-01-13T19:00,2.6,74
2024-01-13T20:00,1.6,333
2024-01-13T21:00,5.4,8
2024-01-13T22:00,14.5,7
2024-01-13T23:00,15.5,360
2024-01-14T00:00,13.8,351
2024-01-14T01:00,13.6,348
2024-01-14T02:00,12.0,344
2024-01-14T03:00,11.7,342
2024-01-14T04:00,12.8,344
2024-01-14T05:00,11.3,343
2024-01-14T06:00,7.4,337
2024-01-14T07:00,7.6,352
2024-01-14T08:00,5.5,349
2024-01-14T09:00,9.7,4
2024-01-14T10:00,9.5,9
2024-01-14T11:00,10.5,31
2024-01-14T12:00,12.5,49
2024-01-14T13:00,11.8,63
2024-01-14T14:00,8.9,58
2024-01-14T15:00,6.6,99
2024-01-14T16:00,4.6,72
2024-01-14T17:00,3.9,34
2024-01-14T18:00,4.5,14
2024-01-14T19:00,4.7,4
2024-01-14T20:00,4.3,5
2024-01-14T21:00,4.0,10
2024-01-14T22:00,5.2,16
2024-01-14T23:00,6.4,38
2024-01-15T00:00,5.1,39
2024-01-15T01:00,4.2,31
2024-01-15T02:00,4.3,24
2024-01-15T03:00,4.0,5
2024-01-15T04:00,4.1,15
2024-01-15T05:00,5.5,11
2024-01-15T06:00,3.7,349
2024-01-15T07:00,3.1,324
2024-01-15T08:00,4.5,331
2024-01-15T09:00,6.2,339
2024-01-15T10:00,4.7,337
2024-01-15T11:00,1.8,349
2024-01-15T12:00,4.2,110
2024-01-15T13:00,8.2,142
2024-01-15T14:00,10.0,103
2024-01-15T15:00,8.4,100
2024-01-15T16:00,9.2,244
2024-01-15T17:00,15.9,245
2024-01-15T18:00,14.7,234
2024-01-15T19:00,12.5,229
2024-01-15T20:00,12.1,233
2024-01-15T21:00,11.3,248
2024-01-15T22:00,7.0,291
2024-01-15T23:00,9.4,356
2024-01-16T00:00,6.5,360
2024-01-16T01:00,7.6,329
2024-01-16T02:00,10.9,333
2024-01-16T03:00,12.9,333
2024-01-16T04:00,12.1,337
2024-01-16T05:00,10.6,342
2024-01-16T06:00,11.7,349
2024-01-16T07:00,10.7,346
2024-01-16T08:00,9.8,343
2024-01-16T09:00,9.8,352
2024-01-16T10:00,10.2,352
2024-01-16T11:00,7.6,360
2024-01-16T12:00,6.4,47
2024-01-16T13:00,8.0,98
2024-01-16T14:00,6.9,129
2024-01-16T15:00,9.4,90
2024-01-16T16:00,10.4,88
2024-01-16T17:00,7.1,120
2024-01-16T18:00,5.9,14
2024-01-16T19:00,11.5,4
2024-01-16T20:00,8.0,10
2024-01-16T21:00,6.5,354
2024-01-16T22:00,5.7,342
2024-01-16T23:00,4.2,340
2024-01-17T00:00,5.7,342
2024-01-17T01:00,5.6,345
2024-01-17T02:00,3.7,349
2024-01-17T03:00,6.1,3
2024-01-17T04:00,5.4,360
2024-01-17T05:00,2.7,337
2024-01-17T06:00,4.3,5
2024-01-17T07:00,6.5,6
2024-01-17T08:00,8.6,15
2024-01-17T09:00,8.1,13
2024-01-17T10:00,4.8,13
2024-01-17T11:00,6.5,34
2024-01-17T12:00,6.1,62
2024-01-17T13:00,8.4,50
2024-01-17T14:00,7.5,73
2024-01-17T15:00,7.2,87
2024-01-17T16:00,5.5,79
2024-01-17T17:00,7.2,90
2024-01-17T18:00,8.2,41
2024-01-17T19:00,6.6,49
2024-01-17T20:00,6.6,45
2024-01-17T21:00,12.1,60
2024-01-17T22:00,13.5,56
2024-01-17T23:00,11.2,45
2024-01-18T00:00,7.5,35
2024-01-18T01:00,2.5,8
2024-01-18T02:00,5.4,262
2024-01-18T03:00,2.4,333
2024-01-18T04:00,4.4,305
2024-01-18T05:00,7.9,300
2024-01-18T06:00,8.2,299
2024-01-18T07:00,9.2,281
2024-01-18T08:00,10.1,272
2024-01-18T09:00,6.5,273
2024-01-18T10:00,6.7,306
2024-01-18T11:00,7.4,293
2024-01-18T12:00,10.6,252
2024-01-18T13:00,14.8,241
2024-01-18T14:00,21.4,245
2024-01-18T15:00,23.6,231
2024-01-18T16:00,20.0,232
2024-01-18T17:00,15.9,231
2024-01-18T18:00,12.0,224
2024-01-18T19:00,14.6,230
2024-01-18T20:00,12.2,236
2024-01-18T21:00,14.8,229
2024-01-18T22:00,14.8,229
2024-01-18T23:00,13.7,243
2024-01-19T00:00,16.5,259
2024-01-19T01:00,16.9,254
2024-01-19T02:00,13.9,245
2024-01-19T03:00,14.7,281
2024-01-19T04:00,12.9,283
2024-01-19T05:00,7.9,286
2024-01-19T06:00,5.6,297
2024-01-19T07:00,8.1,339
2024-01-19T08:00,4.9,343
2024-01-19T09:00,7.2,342
2024-01-19T10:00,8.1,347
2024-01-19T11:00,7.6,8
2024-01-19T12:00,7.8,56
2024-01-19T13:00,9.1,83
2024-01-19T14:00,9.8,82
2024-01-19T15:00,8.4,97
2024-01-19T16:00,12.8,80
2024-01-19T17:00,10.8,75
2024-01-19T18:00,4.6,108
2024-01-19T19:00,5.0,300
2024-01-19T20:00,7.7,332
2024-01-19T21:00,10.4,2
2024-01-19T22:00,12.3,353
2024-01-19T23:00,11.6,353
2024-01-20T00:00,5.4,37
2024-01-20T01:00,4.4,55
2024-01-20T02:00,7.6,25
2024-01-20T03:00,10.0,13
2024-01-20T04:00,7.3,11
2024-01-20T05:00,7.9,357
2024-01-20T06:00,5.1,8
2024-01-20T07:00,6.5,6
2024-01-20T08:00,7.6,5
2024-01-20T09:00,7.6,360
2024-01-20T10:00,8.4,350
2024-01-20T11:00,8.3,355
2024-01-20T12:00,6.2,21
2024-01-20T13:00,2.9,30
2024-01-20T14:00,3.7,101
2024-01-20T15:00,9.9,147
2024-01-20T16:00,11.7,133
2024-01-20T17:00,6.7,126
2024-01-20T18:00,6.1,93
2024-01-20T19:00,6.2,54
2024-01-20T20:00,4.7,351
2024-01-20T21:00,8.1,339
2024-01-20T22:00,10.9,333
2024-01-20T23:00,11.9,335
2024-01-21T00:00,13.1,339
2024-01-21T01:00,14.8,346
2024-01-21T02:00,15.8,348
2024-01-21T03:00,16.5,340
2024-01-21T04:00,15.5,348
2024-01-21T05:00,15.0,349
2024-01-21T06:00,14.1,345
2024-01-21T07:00,13.7,346
2024-01-21T08:00,14.0,348
2024-01-21T09:00,13.6,348
2024-01-21T10:00,12.2,346
2024-01-21T11:00,8.9,346
2024-01-21T12:00,3.9,326
2024-01-21T13:00,3.1,216
2024-01-21T14:00,5.0,201
2024-01-21T15:00,5.1,188
2024-01-21T16:00,5.4,200
2024-01-21T17:00,3.5,204
2024-01-21T18:00,5.4,217
2024-01-21T19:00,0.4,360
2024-01-21T20:00,5.1,356
2024-01-21T21:00,10.1,354
2024-01-21T22:00,13.1,352
2024-01-21T23:00,12.0,353
2024-01-22T00:00,10.6,350
2024-01-22T01:00,10.2,350
2024-01-22T02:00,9.9,350
2024-01-22T03:00,8.5,348
2024-01-22T04:00,7.8,347
2024-01-22T05:00,6.4,344
2024-01-22T06:00,5.7,342
2024-01-22T07:00,6.0,343
2024-01-22T08:00,7.8,347
2024-01-22T09:00,8.6,345
2024-01-22T10:00,7.4,346
2024-01-22T11:00,5.1,356
2024-01-22T12:00,3.3,96
2024-01-22T13:00,3.1,135
2024-01-22T14:00,4.3,85
2024-01-22T15:00,7.1,49
2024-01-22T16:00,6.1,50
2024-01-22T17:00,2.6,34
2024-01-22T18:00,5.9,259
2024-01-22T19:00,8.8,261
2024-01-22T20:00,11.4,252
2024-01-22T21:00,17.9,236
2024-01-22T22:00,17.9,236
2024-01-22T23:00,11.8,232
2024-01-23T00:00,9.9,237
2024-01-23T01:00,9.0,217
2024-01-23T02:00,8.4,220
2024-01-23T03:00,5.2,326
2024-01-23T04:00,8.0,5
2024-01-23T05:00,5.9,349
2024-01-23T06:00,8.6,345
2024-01-23T07:00,6.6,338
2024-01-23T08:00,4.8,333
2024-01-23T09:00,6.5,341
2024-01-23T10:00,8.4,353
2024-01-23T11:00,7.3,349
2024-01-23T12:00,5.1,352
2024-01-23T13:00,2.4,117
2024-01-23T14:00,4.3,132
2024-01-23T15:00,3.9,146
2024-01-23T16:00,4.0,190
2024-01-23T17:00,2.5,172
2024-01-23T18:00,3.4,148
2024-01-23T19:00,3.6,45
2024-01-23T20:00,5.9,38
2024-01-23T21:00,6.6,41
2024-01-23T22:00,5.9,52
2024-01-23T23:00,5.7,18
2024-01-24T00:00,2.5,360
2024-01-24T01:00,2.2,351
2024-01-24T02:00,3.2,333
2024-01-24T03:00,3.5,336
2024-01-24T04:00,3.5,336
2024-01-24T05:00,4.4,325
2024-01-24T06:00,3.6,323
2024-01-24T07:00,2.6,344
2024-01-24T08:00,2.5,352
2024-01-24T09:00,2.6,344
2024-01-24T10:00,4.5,346
2024-01-24T11:00,5.6,345
2024-01-24T12:00,6.0,17
2024-01-24T13:00,7.6,85
2024-01-24T14:00,8.6,90
2024-01-24T15:00,3.1,159
2024-01-24T16:00,2.2,99
2024-01-24T17:00,3.2,27
2024-01-24T18:00,5.2,25
2024-01-24T19:00,4.0,10
2024-01-24T20:00,5.1,8
2024-01-24T21:00,5.8,30
2024-01-24T22:00,4.3,24
2024-01-24T23:00,1.5,346
2024-01-25T00:00,3.3,347
2024-01-25T01:00,3.4,342
2024-01-25T02:00,2.9,330
2024-01-25T03:00,3.5,336
2024-01-25T04:00,3.3,319
2024-01-25T05:00,2.3,342
2024-01-25T06:00,3.4,342
2024-01-25T07:00,2.5,352
2024-01-25T08:00,4.3,5
2024-01-25T09:00,3.2,360
2024-01-25T10:00,1.8,360
2024-01-25T11:00,2.9,60
2024-01-25T12:00,5.4,132
2024-01-25T13:00,6.4,142
2024-01-25T14:00,5.9,166
2024-01-25T15:00,3.2,153
2024-01-25T16:00,2.6,146
2024-01-25T17:00,2.3,288
2024-01-25T18:00,3.3,311
2024-01-25T19:00,2.8,310
2024-01-25T20:00,1.0,315
2024-01-25T21:00,1.0,315
2024-01-25T22:00,1.5,346
2024-01-25T23:00,3.3,6
2024-01-26T00:00,4.8,13
2024-01-26T01:00,2.9,353
2024-01-26T02:00,1.9,338
2024-01-26T03:00,5.0,330
2024-01-26T04:00,4.2,329
2024-01-26T05:00,3.5,336
2024-01-26T06:00,3.8,343
2024-01-26T07:00,4.1,345
2024-01-26T08:00,4.2,340
2024-01-26T09:00,2.3,342
2024-01-26T10:00,3.5,24
2024-01-26T11:00,3.6,53
2024-01-26T12:00,2.1,121
2024-01-26T13:00,4.3,156
2024-01-26T14:00,8.0,188
2024-01-26T15:00,7.2,186
2024-01-26T16:00,5.3,208
2024-01-26T17:00,4.7,212
2024-01-26T18:00,3.2,243
2024-01-26T19:00,2.8,320
2024-01-26T20:00,4.2,329
2024-01-26T21:00,3.6,354
2024-01-26T22:00,4.7,351
2024-01-26T23:00,2.2,351
2024-01-27T00:00,1.5,346
2024-01-27T01:00,2.5,360
2024-01-27T02:00,4.0,355
2024-01-27T03:00,5.5,349
2024-01-27T04:00,3.1,339
2024-01-27T05:00,3.8,343
2024-01-27T06:00,5.0,339
2024-01-27T07:00,3.5,336
2024-01-27T08:00,3.5,336
2024-01-27T09:00,4.5,346
2024-01-27T10:00,6.2,350
2024-01-27T11:00,5.2,348
2024-01-27T12:00,1.4,180
2024-01-27T13:00,5.4,176
2024-01-27T14:00,5.5,169
2024-01-27T15:00,6.3,167
2024-01-27T16:00,4.9,163
2024-01-27T17:00,2.9,150
2024-01-27T18:00,2.8,310
2024-01-27T19:00,3.7,349
2024-01-27T20:00,5.4,356
2024-01-27T21:00,4.8,347
2024-01-27T22:00,3.4,342
2024-01-27T23:00,5.9,346
2024-01-28T00:00,7.7,349
2024-01-28T01:00,8.5,348
2024-01-28T02:00,9.3,347
2024-01-28T03:00,10.1,343
2024-01-28T04:00,9.2,349
2024-01-28T05:00,8.6,345
2024-01-28T06:00,7.1,345
2024-01-28T07:00,5.5,349
2024-01-28T08:00,6.2,353
2024-01-28T09:00,5.8,353
2024-01-28T10:00,5.2,344
2024-01-28T11:00,5.9,346
2024-01-28T12:00,2.9,83
2024-01-28T13:00,8.1,103
2024-01-28T14:00,9.1,108
2024-01-28T15:00,6.2,126
2024-01-28T16:00,5.9,133
2024-01-28T17:00,4.5,119
2024-01-28T18:00,2.5,90
2024-01-28T19:00,2.9,7
2024-01-28T20:00,4.7,351
2024-01-28T21:00,4.6,342
2024-01-28T22:00,6.2,339
2024-01-28T23:00,6.5,341
2024-01-29T00:00,6.0,343
2024-01-29T01:00,5.6,345
2024-01-29T02:00,6.4,344
2024-01-29T03:00,7.5,343
2024-01-29T04:00,6.7,344
2024-01-29T05:00,5.9,346
2024-01-29T06:00,5.6,345
2024-01-29T07:00,5.7,342
2024-01-29T08:00,6.5,341
2024-01-29T09:00,7.6,341
2024-01-29T10:00,7.6,341
2024-01-29T11:00,6.0,343
2024-01-29T12:00,2.2,81
2024-01-29T13:00,4.6,135
2024-01-29T14:00,5.9,142
2024-01-29T15:00,4.9,163
2024-01-29T16:00,4.3,156
2024-01-29T17:00,3.6,135
2024-01-29T18:00,4.1,75
2024-01-29T19:00,6.0,25
2024-01-29T20:00,6.2,7
2024-01-29T21:00,4.4,351
2024-01-29T22:00,3.4,342
2024-01-29T23:00,3.9,338
2024-01-30T00:00,4.9,343
2024-01-30T01:00,4.9,343
2024-01-30T02:00,5.2,344
2024-01-30T03:00,6.8,342
2024-01-30T04:00,5.7,342
2024-01-30T05:00,6.0,343
2024-01-30T06:00,6.5,341
2024-01-30T07:00,6.5,341
2024-01-30T08:00,7.0,339
2024-01-30T09:00,7.3,340
2024-01-30T10:00,6.5,341
2024-01-30T11:00,5.2,344
2024-01-30T12:00,1.0,45
2024-01-30T13:00,3.2,153
2024-01-30T14:00,4.5,166
2024-01-30T15:00,4.6,162
2024-01-30T16:00,4.7,157
2024-01-30T17:00,4.1,165
2024-01-30T18:00,4.0,170
2024-01-30T19:00,2.2,189
2024-01-30T20:00,0.8,333
2024-01-30T21:00,4.0,333
2024-01-30T22:00,3.9,338
2024-01-30T23:00,5.2,344
2024-01-31T00:00,4.6,342
2024-01-31T01:00,4.2,340
2024-01-31T02:00,4.6,342
2024-01-31T03:00,4.1,345
2024-01-31T04:00,5.7,342
2024-01-31T05:00,5.4,340
2024-01-31T06:00,5.4,340
2024-01-31T07:00,5.7,342
2024-01-31T08:00,6.0,343
2024-01-31T09:00,6.0,343
2024-01-31T10:00,5.9,346
2024-01-31T11:00,4.4,351
2024-01-31T12:00,1.8,180
2024-01-31T13:00,4.3,185
2024-01-31T14:00,5.4,180
2024-01-31T15:00,7.0,168
2024-01-31T16:00,6.0,163
2024-01-31T17:00,4.6,162
2024-01-31T18:00,3.0,166
2024-01-31T19:00,2.3,162
2024-01-31T20:00,2.3,342
2024-01-31T21:00,4.8,347
2024-01-31T22:00,3.3,354
2024-01-31T23:00,4.5,346
2024-02-01T00:00,4.1,345
2024-02-01T01:00,2.6,344
2024-02-01T02:00,2.3,342
2024-02-01T03:00,3.4,342
2024-02-01T04:00,3.0,346
2024-02-01T05:00,3.3,347
2024-02-01T06:00,3.4,342
2024-02-01T07:00,3.7,349
2024-02-01T08:00,3.8,343
2024-02-01T09:00,3.9,338
2024-02-01T10:00,3.7,349
2024-02-01T11:00,2.2,351
2024-02-01T12:00,4.1,128
2024-02-01T13:00,3.7,151
2024-02-01T14:00,3.2,153
2024-02-01T15:00,2.9,187
2024-02-01T16:00,5.4,132
2024-02-01T17:00,6.6,112
2024-02-01T18:00,5.9,101
2024-02-01T19:00,4.4,55
2024-02-01T20:00,9.7,22
2024-02-01T21:00,11.2,356
2024-02-01T22:00,10.9,351
2024-02-01T23:00,10.2,352
2024-02-02T00:00,9.7,345
2024-02-02T01:00,8.0,342
2024-02-02T02:00,6.8,342
2024-02-02T03:00,8.0,342
2024-02-02T04:00,6.7,344
2024-02-02T05:00,5.7,342
2024-02-02T06:00,6.0,343
2024-02-02T07:00,5.5,349
2024-02-02T08:00,5.9,346
2024-02-02T09:00,6.2,350
2024-02-02T10:00,6.5,354
2024-02-02T11:00,4.4,351
2024-02-02T12:00,0.7,180
2024-02-02T13:00,3.6,180
2024-02-02T14:00,5.4,176
2024-02-02T15:00,6.8,180
2024-02-02T16:00,5.8,180
2024-02-02T17:00,3.3,167
2024-02-02T18:00,0.5,225
2024-02-02T19:00,2.6,326
2024-02-02T20:00,4.8,347
2024-02-02T21:00,4.7,356
2024-02-02T22:00,6.9,354
2024-02-02T23:00,6.6,351
2024-02-03T00:00,6.0,343
2024-02-03T01:00,6.4,344
2024-02-03T02:00,6.7,344
2024-02-03T03:00,6.4,333
2024-02-03T04:00,6.3,336
2024-02-03T05:00,5.0,339
2024-02-03T06:00,4.5,346
2024-02-03T07:00,5.2,348
2024-02-03T08:00,5.4,352
2024-02-03T09:00,6.5,360
2024-02-03T10:00,9.0,16
2024-02-03T11:00,9.3,54
2024-02-03T12:00,9.5,81
2024-02-03T13:00,9.0,88
2024-02-03T14:00,8.0,95
2024-02-03T15:00,8.0,98
2024-02-03T16:00,6.8,90
2024-02-03T17:00,5.9,79
2024-02-03T18:00,4.3,66
2024-02-03T19:00,5.4,42
2024-02-03T20:00,5.4,20
2024-02-03T21:00,7.6,25
2024-02-03T22:00,7.6,25
2024-02-03T23:00,7.0,21
2024-02-04T00:00,6.0,17
2024-02-04T01:00,5.4,8
2024-02-04T02:00,4.0,355
2024-02-04T03:00,2.2,360
2024-02-04T04:00,1.8,349
2024-02-04T05:00,0.5,315
2024-02-04T06:00,0.8,333
2024-02-04T07:00,2.3,342
2024-02-04T08:00,2.4,333
2024-02-04T09:00,1.5,346
2024-02-04T10:00,1.4,360
2024-02-04T11:00,3.7,79
2024-02-04T12:00,2.5,135
2024-02-04T13:00,3.6,180
2024-02-04T14:00,5.7,198
2024-02-04T15:00,5.1,184
2024-02-04T16:00,4.6,198
2024-02-04T17:00,4.0,175
2024-02-04T18:00,1.9,158
2024-02-04T19:00,2.3,198
2024-02-04T20:00,2.8,320
2024-02-04T21:00,2.9,330
2024-02-04T22:00,1.8,349
2024-02-04T23:00,2.2,351
2024-02-05T00:00,3.6,354
2024-02-05T01:00,3.8,343
2024-02-05T02:00,3.8,343
2024-02-05T03:00,1.9,292
2024-02-05T04:00,1.8,307
2024-02-05T05:00,2.1,301
2024-02-05T06:00,1.6,333
2024-02-05T07:00,3.3,347
2024-02-05T08:00,6.5,357
2024-02-05T09:00,6.9,354
2024-02-05T10:00,6.5,357
2024-02-05T11:00,5.1,4
2024-02-05T12:00,3.4,72
2024-02-05T13:00,3.6,127
2024-02-05T14:00,4.2,160
2024-02-05T15:00,5.1,184
2024-02-05T16:00,4.3,185
2024-02-05T17:00,4.0,207
2024-02-05T18:00,2.8,230
2024-02-05T19:00,3.8,287
2024-02-05T20:00,4.1,315
2024-02-05T21:00,4.8,333
2024-02-05T22:00,7.0,339
2024-02-05T23:00,6.5,341
2024-02-06T00:00,7.4,346
2024-02-06T01:00,7.8,347
2024-02-06T02:00,7.0,348
2024-02-06T03:00,5.5,337
2024-02-06T04:00,5.3,332
2024-02-06T05:00,5.4,340
2024-02-06T06:00,6.7,344
2024-02-06T07:00,6.6,347
2024-02-06T08:00,4.8,347
2024-02-06T09:00,4.8,347
2024-02-06T10:00,6.6,347
2024-02-06T11:00,4.3,5
2024-02-06T12:00,1.1,18
2024-02-06T13:00,1.8,180
2024-02-06T14:00,3.6,174
2024-02-06T15:00,4.0,190
2024-02-06T16:00,4.0,185
2024-02-06T17:00,1.4,180
2024-02-06T18:00,2.1,329
2024-02-06T19:00,3.8,343
2024-02-06T20:00,4.9,343
2024-02-06T21:00,7.6,352
2024-02-06T22:00,8.4,350
2024-02-06T23:00,6.5,341
2024-02-07T00:00,5.8,338
2024-02-07T01:00,5.9,346
2024-02-07T02:00,5.4,352
2024-02-07T03:00,2.7,337
2024-02-07T04:00,2.8,320
2024-02-07T05:00,3.9,338
2024-02-07T06:00,6.9,354
2024-02-07T07:00,8.6,345
2024-02-07T08:00,9.6,347
2024-02-07T09:00,10.0,347
2024-02-07T10:00,8.1,347
2024-02-07T11:00,4.7,351
2024-02-07T12:00,1.6,63
2024-02-07T13:00,2.9,150
2024-02-07T14:00,4.3,156
2024-02-07T15:00,5.0,150
2024-02-07T16:00,4.1,128
2024-02-07T17:00,3.6,135
2024-02-07T18:00,2.9,97
2024-02-07T19:00,3.3,13
2024-02-07T20:00,3.3,6
2024-02-07T21:00,5.6,27
2024-02-07T22:00,4.1,15
2024-02-07T23:00,2.9,360
2024-02-08T00:00,2.9,353
2024-02-08T01:00,1.8,349
2024-02-08T02:00,3.8,41
2024-02-08T03:00,7.1,41
2024-02-08T04:00,10.6,24
2024-02-08T05:00,12.3,32
2024-02-08T06:00,10.8,26
2024-02-08T07:00,8.5,36
2024-02-08T08:00,3.6,360
2024-02-08T09:00,3.8,343
2024-02-08T10:00,4.2,340
2024-02-08T11:00,1.1,360
2024-02-08T12:00,4.1,105
2024-02-08T13:00,5.8,120
2024-02-08T14:00,5.8,158
2024-02-08T15:00,3.1,144
2024-02-08T16:00,2.8,130
2024-02-08T17:00,2.7,113
2024-02-08T18:00,1.1,162
2024-02-08T19:00,3.4,32
2024-02-08T20:00,4.7,4
2024-02-08T21:00,3.3,13
2024-02-08T22:00,5.4,20
2024-02-08T23:00,6.1,357
2024-02-09T00:00,6.2,353
2024-02-09T01:00,6.2,353
2024-02-09T02:00,6.2,350
2024-02-09T03:00,8.7,7
2024-02-09T04:00,6.1,360
2024-02-09T05:00,8.5,332
2024-02-09T06:00,7.5,343
2024-02-09T07:00,6.2,350
2024-02-09T08:00,5.8,4
2024-02-09T09:00,1.4,360
2024-02-09T10:00,2.3,321
2024-02-09T11:00,3.3,311
2024-02-09T12:00,11.5,2
2024-02-09T13:00,10.9,6
2024-02-09T14:00,12.6,360
2024-02-09T15:00,5.2,124
2024-02-09T16:00,8.5,168
2024-02-09T17:00,1.9,248
2024-02-09T18:00,10.6,350
2024-02-09T19:00,6.9,332
2024-02-09T20:00,7.1,15
2024-02-09T21:00,9.0,23
2024-02-09T22:00,11.3,31
2024-02-09T23:00,12.9,23
2024-02-10T00:00,14.0,18
2024-02-10T01:00,13.6,17
2024-02-10T02:00,10.4,20
2024-02-10T03:00,11.2,40
2024-02-10T04:00,10.7,78
2024-02-10T05:00,16.3,135
2024-02-10T06:00,23.6,161
2024-02-10T07:00,12.0,136
2024-02-10T08:00,11.9,88
2024-02-10T09:00,15.6,50
2024-02-10T10:00,16.1,51
2024-02-10T11:00,17.2,53
2024-02-10T12:00,21.5,55
2024-02-10T13:00,24.8,50
2024-02-10T14:00,26.6,67
2024-02-10T15:00,16.7,33
2024-02-10T16:00,4.4,9
2024-02-10T17:00,7.0,12
2024-02-10T18:00,6.5,6
2024-02-10T19:00,5.2,12
2024-02-10T20:00,5.0,21
2024-02-10T21:00,3.6,360
2024-02-10T22:00,2.2,9
2024-02-10T23:00,2.7,23
2024-02-11T00:00,2.5,352
2024-02-11T01:00,2.9,300
2024-02-11T02:00,4.0,27
2024-02-11T03:00,7.9,330
2024-02-11T04:00,5.4,323
2024-02-11T05:00,4.7,328
2024-02-11T06:00,5.6,345
2024-02-11T07:00,8.3,355
2024-02-11T08:00,9.8,343
2024-02-11T09:00,11.4,342
2024-02-11T10:00,10.5,333
2024-02-11T11:00,6.8,328
2024-02-11T12:00,2.9,330
2024-02-11T13:00,3.6,186
2024-02-11T14:00,7.9,177
2024-02-11T15:00,8.3,162
2024-02-11T16:00,9.8,144
2024-02-11T17:00,10.3,119
2024-02-11T18:00,9.8,82
2024-02-11T19:00,1.1,342
2024-02-11T20:00,1.5,315
2024-02-11T21:00,3.3,347
2024-02-11T22:00,9.1,351
2024-02-11T23:00,12.0,353
2024-02-12T00:00,14.3,348
2024-02-12T01:00,16.3,338
2024-02-12T02:00,16.3,338
2024-02-12T03:00,16.4,341
2024-02-12T04:00,18.8,343
2024-02-12T05:00,18.3,344
2024-02-12T06:00,17.0,347
2024-02-12T07:00,14.5,346
2024-02-12T08:00,12.9,347
2024-02-12T09:00,12.0,344
2024-02-12T10:00,11.7,349
2024-02-12T11:00,11.2,358
2024-02-12T12:00,2.1,149
2024-02-12T13:00,7.3,169
2024-02-12T14:00,5.5,101
2024-02-12T15:00,3.6,96
2024-02-12T16:00,4.4,189
2024-02-12T17:00,3.7,169
2024-02-12T18:00,2.3,198
2024-02-12T19:00,3.9,112
2024-02-12T20:00,5.8,22
2024-02-12T21:00,5.9,14
2024-02-12T22:00,7.6,355
2024-02-12T23:00,7.4,346
2024-02-13T00:00,8.1,347
2024-02-13T01:00,9.5,349
2024-02-13T02:00,12.0,344
2024-02-13T03:00,11.3,338
2024-02-13T04:00,11.7,342
2024-02-13T05:00,12.2,346
2024-02-13T06:00,10.2,342
2024-02-13T07:00,9.6,340
2024-02-13T08:00,9.2,339
2024-02-13T09:00,9.8,343
2024-02-13T10:00,9.0,344
2024-02-13T11:00,6.5,357
2024-02-13T12:00,1.1,18
2024-02-13T13:00,3.9,202
2024-02-13T14:00,7.9,204
2024-02-13T15:00,8.4,187
2024-02-13T16:00,10.5,196
2024-02-13T17:00,11.8,207
2024-02-13T18:00,12.1,217
2024-02-13T19:00,10.1,235
2024-02-13T20:00,5.9,284
2024-02-13T21:00,3.7,331
2024-02-13T22:00,4.1,345
2024-02-13T23:00,7.2,354
2024-02-14T00:00,9.4,353
2024-02-14T01:00,10.5,352
2024-02-14T02:00,12.6,355
2024-02-14T03:00,12.5,348
2024-02-14T04:00,14.6,351
2024-02-14T05:00,14.8,357
2024-02-14T06:00,15.8,1
2024-02-14T07:00,14.4,360
2024-02-14T08:00,12.7,353
2024-02-14T09:00,12.6,355
2024-02-14T10:00,10.5,352
2024-02-14T11:00,6.8,18
2024-02-14T12:00,8.6,75
2024-02-14T13:00,8.4,110
2024-02-14T14:00,8.7,114
2024-02-14T15:00,8.6,123
2024-02-14T16:00,6.5,124
2024-02-14T17:00,5.4,127
2024-02-14T18:00,4.7,86
2024-02-14T19:00,5.6,50
2024-02-14T20:00,5.9,14
2024-02-14T21:00,3.6,360
2024-02-14T22:00,4.7,351
2024-02-14T23:00,5.4,352
2024-02-15T00:00,5.5,349
2024-02-15T01:00,4.9,343
2024-02-15T02:00,5.2,348
2024-02-15T03:00,5.5,349
2024-02-15T04:00,5.2,344
2024-02-15T05:00,4.5,346
2024-02-15T06:00,6.6,347
2024-02-15T07:00,6.6,347
2024-02-15T08:00,5.9,349
2024-02-15T09:00,7.6,352
2024-02-15T10:00,7.6,355
2024-02-15T11:00,6.9,43
2024-02-15T12:00,5.4,98
2024-02-15T13:00,6.4,117
2024-02-15T14:00,6.6,119
2024-02-15T15:00,5.7,125
2024-02-15T16:00,5.9,133
2024-02-15T17:00,5.3,118
2024-02-15T18:00,4.7,94
2024-02-15T19:00,4.0,63
2024-02-15T20:00,3.9,56
2024-02-15T21:00,4.5,29
2024-02-15T22:00,6.5,3
2024-02-15T23:00,4.9,343
2024-02-16T00:00,4.5,346
2024-02-16T01:00,3.3,354
2024-02-16T02:00,5.8,356
2024-02-16T03:00,5.8,353
2024-02-16T04:00,2.5,360
2024-02-16T05:00,2.2,351
2024-02-16T06:00,2.6,344
2024-02-16T07:00,3.8,343
2024-02-16T08:00,3.7,349
2024-02-16T09:00,4.1,345
2024-02-16T10:00,2.6,344
2024-02-16T11:00,1.0,315
2024-02-16T12:00,3.1,234
2024-02-16T13:00,1.5,194
2024-02-16T14:00,2.6,74
2024-02-16T15:00,7.2,90
2024-02-16T16:00,6.9,96
2024-02-16T17:00,6.0,115
2024-02-16T18:00,1.5,135
2024-02-16T19:00,4.7,279
2024-02-16T20:00,4.2,290
2024-02-16T21:00,5.1,309
2024-02-16T22:00,5.6,333
2024-02-16T23:00,4.8,347
2024-02-17T00:00,4.0,350
2024-02-17T01:00,3.0,346
2024-02-17T02:00,2.7,337
2024-02-17T03:00,4.2,340
2024-02-17T04:00,5.6,333
2024-02-17T05:00,5.8,338
2024-02-17T06:00,5.9,346
2024-02-17T07:00,5.5,349
2024-02-17T08:00,5.9,346
2024-02-17T09:00,6.3,347
2024-02-17T10:00,7.3,349
2024-02-17T11:00,4.0,10
2024-02-17T12:00,3.4,148
2024-02-17T13:00,7.2,174
2024-02-17T14:00,7.6,177
2024-02-17T15:00,6.9,174
2024-02-17T16:00,5.4,176
2024-02-17T17:00,4.3,180
2024-02-17T18:00,0.8,207
2024-02-17T19:00,4.2,301
2024-02-17T20:00,5.6,320
2024-02-17T21:00,3.5,336
2024-02-17T22:00,4.5,346
2024-02-17T23:00,3.8,343
2024-02-18T00:00,4.1,345
2024-02-18T01:00,5.2,344
2024-02-18T02:00,6.0,343
2024-02-18T03:00,5.4,340
2024-02-18T04:00,5.6,345
2024-02-18T05:00,5.7,342
2024-02-18T06:00,5.7,342
2024-02-18T07:00,5.7,342
2024-02-18T08:00,5.7,342
2024-02-18T09:00,7.8,347
2024-02-18T10:00,7.3,349
2024-02-18T11:00,4.0,355
2024-02-18T12:00,2.3,162
2024-02-18T13:00,6.2,173
2024-02-18T14:00,6.6,171
2024-02-18T15:00,6.9,171
2024-02-18T16:00,6.8,177
2024-02-18T17:00,6.5,180
2024-02-18T18:00,3.7,151
2024-02-18T19:00,4.4,81
2024-02-18T20:00,5.9,52
2024-02-18T21:00,5.0,30
2024-02-18T22:00,6.2,10
2024-02-18T23:00,4.3,355
2024-02-19T00:00,4.7,23
2024-02-19T01:00,4.1,15
2024-02-19T02:00,4.0,27
2024-02-19T03:00,5.2,16
2024-02-19T04:00,4.7,360
2024-02-19T05:00,6.1,360
2024-02-19T06:00,7.4,346
2024-02-19T07:00,8.6,338
2024-02-19T08:00,7.8,338
2024-02-19T09:00,8.0,342
2024-02-19T10:00,6.8,335
2024-02-19T11:00,4.0,243
2024-02-19T12:00,7.6,205
2024-02-19T13:00,8.9,194
2024-02-19T14:00,8.7,185
2024-02-19T15:00,10.5,174
2024-02-19T16:00,8.5,168
2024-02-19T17:00,6.3,149
2024-02-19T18:00,5.2,106
2024-02-19T19:00,5.6,63
2024-02-19T20:00,6.0,25
2024-02-19T21:00,6.2,10
2024-02-19T22:00,6.9,351
2024-02-19T23:00,8.7,355
2024-02-20T00:00,8.3,355
2024-02-20T01:00,8.4,353
2024-02-20T02:00,14.9,353
2024-02-20T03:00,8.0,352
2024-02-20T04:00,13.0,357
2024-02-20T05:00,14.0,360
2024-02-20T06:00,10.9,351
2024-02-20T07:00,11.0,349
2024-02-20T08:00,12.2,346
2024-02-20T09:00,13.0,346
2024-02-20T10:00,10.6,342
2024-02-20T11:00,6.4,344
2024-02-20T12:00,6.6,151
2024-02-20T13:00,6.5,180
2024-02-20T14:00,6.6,202
2024-02-20T15:00,4.0,180
2024-02-20T16:00,9.1,187
2024-02-20T17:00,8.5,192
2024-02-20T18:00,6.9,276
2024-02-20T19:00,3.5,294
2024-02-20T20:00,4.4,325
2024-02-20T21:00,5.9,346
2024-02-20T22:00,8.2,345
2024-02-20T23:00,7.1,345
2024-02-21T00:00,7.3,349
2024-02-21T01:00,8.5,348
2024-02-21T02:00,10.7,348
2024-02-21T03:00,13.4,346
2024-02-21T04:00,14.3,350
2024-02-21T05:00,14.0,348
2024-02-21T06:00,13.4,346
2024-02-21T07:00,14.1,345
2024-02-21T08:00,13.9,350
2024-02-21T09:00,13.6,343
2024-02-21T10:00,10.9,351
2024-02-21T11:00,5.5,349
2024-02-21T12:00,3.2,180
2024-02-21T13:00,5.8,173
2024-02-21T14:00,7.2,180
2024-02-21T15:00,8.0,170
2024-02-21T16:00,9.0,178
2024-02-21T17:00,7.3,191
2024-02-21T18:00,8.1,212
2024-02-21T19:00,4.6,225
2024-02-21T20:00,2.9,270
2024-02-21T21:00,3.2,270
2024-02-21T22:00,4.7,270
2024-02-21T23:00,4.7,247
2024-02-22T00:00,4.8,257
2024-02-22T01:00,4.4,261
2024-02-22T02:00,8.8,251
2024-02-22T03:00,10.8,233
2024-02-22T04:00,10.8,233
2024-02-22T05:00,11.2,228
2024-02-22T06:00,9.0,241
2024-02-22T07:00,8.3,236
2024-02-22T08:00,10.8,249
2024-02-22T09:00,12.4,244
2024-02-22T10:00,11.4,252
2024-02-22T11:00,8.2,241
2024-02-22T12:00,9.9,224
2024-02-22T13:00,7.5,215
2024-02-22T14:00,13.5,222
2024-02-22T15:00,14.1,220
2024-02-22T16:00,13.8,231
2024-02-22T17:00,13.1,233
2024-02-22T18:00,10.7,237
2024-02-22T19:00,5.2,258
2024-02-22T20:00,1.6,297
2024-02-22T21:00,7.3,259
2024-02-22T22:00,11.9,241
2024-02-22T23:00,10.0,210
2024-02-23T00:00,8.4,223
2024-02-23T01:00,4.7,274
2024-02-23T02:00,8.9,333
2024-02-23T03:00,7.6,3
2024-02-23T04:00,7.2,27
2024-02-23T05:00,5.0,360
2024-02-23T06:00,3.3,276
2024-02-23T07:00,2.1,329
2024-02-23T08:00,2.5,352
2024-02-23T09:00,3.2,360
2024-02-23T10:00,4.6,309
2024-02-23T11:00,3.7,331
2024-02-23T12:00,5.7,215
2024-02-23T13:00,10.5,211
2024-02-23T14:00,8.9,227
2024-02-23T15:00,10.6,260
2024-02-23T16:00,18.7,268
2024-02-23T17:00,17.7,265
2024-02-23T18:00,16.9,246
2024-02-23T19:00,18.6,238
2024-02-23T20:00,19.0,237
2024-02-23T21:00,18.5,241
2024-02-23T22:00,18.4,235
2024-02-23T23:00,16.9,236
2024-02-24T00:00,13.7,243
2024-02-24T01:00,13.4,256
2024-02-24T02:00,8.7,253
2024-02-24T03:00,10.2,231
2024-02-24T04:00,11.9,241
2024-02-24T05:00,8.0,280
2024-02-24T06:00,8.9,328
2024-02-24T07:00,8.9,339
2024-02-24T08:00,8.7,343
2024-02-24T09:00,8.4,350
2024-02-24T10:00,6.1,357
2024-02-24T11:00,2.1,239
2024-02-24T12:00,5.8,202
2024-02-24T13:00,6.4,164
2024-02-24T14:00,6.3,167
2024-02-24T15:00,9.5,205
2024-02-24T16:00,9.5,191
2024-02-24T17:00,8.9,166
2024-02-24T18:00,3.9,158
2024-02-24T19:00,3.2,117
2024-02-24T20:00,1.0,315
2024-02-24T21:00,2.9,330
2024-02-24T22:00,2.3,342
2024-02-24T23:00,4.0,350
2024-02-25T00:00,5.2,348
2024-02-25T01:00,5.7,342
2024-02-25T02:00,7.8,347
2024-02-25T03:00,5.9,346
2024-02-25T04:00,6.6,347
2024-02-25T05:00,7.0,348
2024-02-25T06:00,9.1,351
2024-02-25T07:00,10.2,350
2024-02-25T08:00,10.0,345
2024-02-25T09:00,9.7,345
2024-02-25T10:00,6.8,342
2024-02-25T11:00,1.8,37
2024-02-25T12:00,5.4,160
2024-02-25T13:00,6.8,183
2024-02-25T14:00,13.1,212
2024-02-25T15:00,20.0,210
2024-02-25T16:00,20.4,216
2024-02-25T17:00,14.3,227
2024-02-25T18:00,8.2,229
2024-02-25T19:00,3.6,217
2024-02-25T20:00,1.0,315
2024-02-25T21:00,7.4,23
2024-02-25T22:00,10.8,30
2024-02-25T23:00,11.8,38
2024-02-26T00:00,13.2,45
2024-02-26T01:00,11.1,61
2024-02-26T02:00,8.6,75
2024-02-26T03:00,3.6,37
2024-02-26T04:00,3.7,101
2024-02-26T05:00,12.5,123
2024-02-26T06:00,13.9,127
2024-02-26T07:00,16.6,85
2024-02-26T08:00,17.6,64
2024-02-26T09:00,25.9,29
2024-02-26T10:00,20.3,20
2024-02-26T11:00,16.2,356
2024-02-26T12:00,16.9,358
2024-02-26T13:00,9.2,329
2024-02-26T14:00,3.0,256
2024-02-26T15:00,1.9,248
2024-02-26T16:00,1.8,217
2024-02-26T17:00,3.1,201
2024-02-26T18:00,2.5,188
2024-02-26T19:00,1.1,252
2024-02-26T20:00,5.4,323
2024-02-26T21:00,5.0,330
2024-02-26T22:00,4.7,360
2024-02-26T23:00,10.9,352
2024-02-27T00:00,9.3,347
2024-02-27T01:00,6.7,324
2024-02-27T02:00,8.6,338
2024-02-27T03:00,7.4,331
2024-02-27T04:00,8.7,315
2024-02-27T05:00,9.2,315
2024-02-27T06:00,7.4,321
2024-02-27T07:00,9.8,354
2024-02-27T08:00,7.2,354
2024-02-27T09:00,7.6,355
2024-02-27T10:00,7.2,354
2024-02-27T11:00,5.4,48
2024-02-27T12:00,9.1,83
2024-02-27T13:00,6.5,87
2024-02-27T14:00,7.2,117
2024-02-27T15:00,2.1,149
2024-02-27T16:00,5.1,266
2024-02-27T17:00,3.5,204
2024-02-27T18:00,3.3,229
2024-02-27T19:00,6.4,243
2024-02-27T20:00,8.2,308
2024-02-27T21:00,10.1,333
2024-02-27T22:00,12.2,336
2024-02-27T23:00,4.9,343
2024-02-28T00:00,6.4,317
2024-02-28T01:00,9.5,9
2024-02-28T02:00,15.3,30
2024-02-28T03:00,8.9,27
2024-02-28T04:00,5.0,360
2024-02-28T05:00,7.7,332
2024-02-28T06:00,8.4,340
2024-02-28T07:00,9.3,347
2024-02-28T08:00,10.2,342
2024-02-28T09:00,10.0,347
2024-02-28T10:00,8.6,345
2024-02-28T11:00,6.8,335
2024-02-28T12:00,2.1,59
2024-02-28T13:00,2.2,99
2024-02-28T14:00,2.3,309
2024-02-28T15:00,10.1,90
2024-02-28T16:00,7.2,84
2024-02-28T17:00,3.3,49
2024-02-28T18:00,4.0,63
2024-02-28T19:00,5.4,53
2024-02-28T20:00,7.4,23
2024-02-28T21:00,5.4,356
2024-02-28T22:00,6.8,357
2024-02-28T23:00,5.8,360
2024-02-29T00:00,7.5,343
2024-02-29T01:00,9.3,344
2024-02-29T02:00,9.5,351
2024-02-29T03:00,10.2,337
2024-02-29T04:00,10.0,339
2024-02-29T05:00,13.6,349
2024-02-29T06:00,15.5,4
2024-02-29T07:00,15.3,9
2024-02-29T08:00,13.7,2
2024-02-29T09:00,13.8,351
2024-02-29T10:00,11.4,349
2024-02-29T11:00,10.5,8
2024-02-29T12:00,10.7,12
2024-02-29T13:00,11.1,36
2024-02-29T14:00,7.7,49
2024-02-29T15:00,16.3,118
2024-02-29T16:00,17.7,114
2024-02-29T17:00,12.1,107
2024-02-29T18:00,4.8,103
2024-02-29T19:00,4.3,294
2024-02-29T20:00,8.7,287
2024-02-29T21:00,5.6,297
2024-02-29T22:00,5.5,293
2024-02-29T23:00,5.1,321
2024-03-01T00:00,5.5,32
2024-03-01T01:00,4.0,5
2024-03-01T02:00,5.8,4
2024-03-01T03:00,8.3,5
2024-03-01T04:00,9.0,355
2024-03-01T05:00,11.4,342
2024-03-01T06:00,8.1,13
2024-03-01T07:00,4.7,4
2024-03-01T08:00,6.1,3
2024-03-01T09:00,9.4,7
2024-03-01T10:00,8.4,20
2024-03-01T11:00,6.6,61
2024-03-01T12:00,6.5,109
2024-03-01T13:00,7.7,143
2024-03-01T14:00,8.8,168
2024-03-01T15:00,11.3,217
2024-03-01T16:00,13.0,208
2024-03-01T17:00,12.1,203
2024-03-01T18:00,10.7,200
2024-03-01T19:00,5.6,220
2024-03-01T20:00,3.9,292
2024-03-01T21:00,2.9,7
2024-03-01T22:00,3.4,18
2024-03-01T23:00,6.2,7
2024-03-02T00:00,8.6,360
2024-03-02T01:00,8.1,347
2024-03-02T02:00,7.5,343
2024-03-02T03:00,4.8,333
2024-03-02T04:00,5.5,328
2024-03-02T05:00,7.4,331
2024-03-02T06:00,8.8,341
2024-03-02T07:00,9.5,349
2024-03-02T08:00,10.2,352
2024-03-02T09:00,8.3,342
2024-03-02T10:00,9.0,355
2024-03-02T11:00,7.6,19
2024-03-02T12:00,6.7,164
2024-03-02T13:00,5.2,155
2024-03-02T14:00,5.2,146
2024-03-02T15:00,13.0,177
2024-03-02T16:00,9.0,175
2024-03-02T17:00,7.8,193
2024-03-02T18:00,9.5,217
2024-03-02T19:00,6.9,351
2024-03-02T20:00,10.0,26
2024-03-02T21:00,5.6,45
2024-03-02T22:00,8.9,43
2024-03-02T23:00,12.3,58
2024-03-03T00:00,7.4,39
2024-03-03T01:00,15.5,25
2024-03-03T02:00,10.5,38
2024-03-03T03:00,10.9,82
2024-03-03T04:00,10.1,117
2024-03-03T05:00,13.0,118
2024-03-03T06:00,18.4,138
2024-03-03T07:00,18.8,151
2024-03-03T08:00,20.9,156
2024-03-03T09:00,25.5,134
2024-03-03T10:00,24.8,89
2024-03-03T11:00,26.3,48
2024-03-03T12:00,34.2,35
2024-03-03T13:00,26.8,31
2024-03-03T14:00,36.7,62
2024-03-03T15:00,28.6,104
2024-03-03T16:00,19.9,138
2024-03-03T17:00,15.9,95
2024-03-03T18:00,15.5,68
2024-03-03T19:00,16.3,41
2024-03-03T20:00,16.6,68
2024-03-03T21:00,21.6,57
2024-03-03T22:00,21.3,62
2024-03-03T23:00,19.1,88
2024-03-04T00:00,23.2,83
2024-03-04T01:00,18.4,64
2024-03-04T02:00,12.5,51
2024-03-04T03:00,16.0,82
2024-03-04T04:00,6.2,7
2024-03-04T05:00,6.4,333
2024-03-04T06:00,7.3,349
2024-03-04T07:00,6.6,351
2024-03-04T08:00,7.5,325
2024-03-04T09:00,10.6,336
2024-03-04T10:00,7.6,335
2024-03-04T11:00,2.5,225
2024-03-04T12:00,7.9,204
2024-03-04T13:00,11.5,212
2024-03-04T14:00,12.7,209
2024-03-04T15:00,14.6,190
2024-03-04T16:00,16.1,190
2024-03-04T17:00,8.0,170
2024-03-04T18:00,5.9,169
2024-03-04T19:00,4.7,94
2024-03-04T20:00,6.0,17
2024-03-04T21:00,13.5,9
2024-03-04T22:00,11.9,360
2024-03-04T23:00,8.4,340
2024-03-05T00:00,6.2,339
2024-03-05T01:00,6.3,336
2024-03-05T02:00,8.8,341
2024-03-05T03:00,10.6,342
2024-03-05T04:00,16.2,347
2024-03-05T05:00,16.9,348
2024-03-05T06:00,14.3,342
2024-03-05T07:00,12.1,350
2024-03-05T08:00,11.9,355
2024-03-05T09:00,9.5,349
2024-03-05T10:00,5.9,349
2024-03-05T11:00,2.9,90
2024-03-05T12:00,7.4,137
2024-03-05T13:00,9.0,157
2024-03-05T14:00,9.4,162
2024-03-05T15:00,6.6,158
2024-03-05T16:00,7.0,145
2024-03-05T17:00,3.4,162
2024-03-05T18:00,15.5,266
2024-03-05T19:00,22.3,280
2024-03-05T20:00,24.1,297
2024-03-05T21:00,23.6,304
2024-03-05T22:00,16.9,310
2024-03-05T23:00,10.8,300
2024-03-06T00:00,7.3,303
2024-03-06T01:00,7.4,313
2024-03-06T02:00,6.5,289
2024-03-06T03:00,5.8,330
2024-03-06T04:00,4.3,336
2024-03-06T05:00,5.8,7
2024-03-06T06:00,7.2,6
2024-03-06T07:00,8.8,351
2024-03-06T08:00,8.0,324
2024-03-06T09:00,5.8,338
2024-03-06T10:00,6.4,344
2024-03-06T11:00,3.7,11
2024-03-06T12:00,3.3,174
2024-03-06T13:00,7.4,194
2024-03-06T14:00,8.6,180
2024-03-06T15:00,7.6,149
2024-03-06T16:00,6.7,144
2024-03-06T17:00,6.5,161
2024-03-06T18:00,5.4,200
2024-03-06T19:00,4.0,175
2024-03-06T20:00,3.9,22
2024-03-06T21:00,4.2,20
2024-03-06T22:00,3.2,360
2024-03-06T23:00,5.0,360
2024-03-07T00:00,4.7,356
2024-03-07T01:00,6.9,351
2024-03-07T02:00,9.5,349
2024-03-07T03:00,15.0,349
2024-03-07T04:00,15.2,346
2024-03-07T05:00,13.7,346
2024-03-07T06:00,12.8,344
2024-03-07T07:00,12.1,343
2024-03-07T08:00,12.0,344
2024-03-07T09:00,12.1,348
2024-03-07T10:00,9.9,350
2024-03-07T11:00,3.6,354
2024-03-07T12:00,4.0,170
2024-03-07T13:00,8.0,172
2024-03-07T14:00,10.1,178
2024-03-07T15:00,9.6,160
2024-03-07T16:00,7.8,158
2024-03-07T17:00,7.0,159
2024-03-07T18:00,4.6,141
2024-03-07T19:00,5.2,106
2024-03-07T20:00,4.0,63
2024-03-07T21:00,4.7,4
2024-03-07T22:00,5.8,356
2024-03-07T23:00,4.3,355
2024-03-08T00:00,6.9,354
2024-03-08T01:00,9.1,353
2024-03-08T02:00,10.0,347
2024-03-08T03:00,10.0,345
2024-03-08T04:00,11.2,345
2024-03-08T05:00,13.0,346
2024-03-08T06:00,14.6,344
2024-03-08T07:00,13.1,344
2024-03-08T08:00,13.2,349
2024-03-08T09:00,12.5,348
2024-03-08T10:00,11.0,19
2024-03-08T11:00,15.3,66
2024-03-08T12:00,21.3,68
2024-03-08T13:00,22.0,75
2024-03-08T14:00,22.4,79
2024-03-08T15:00,24.0,77
2024-03-08T16:00,26.3,71
2024-03-08T17:00,20.6,61
2024-03-08T18:00,14.7,73
2024-03-08T19:00,22.5,55
2024-03-08T20:00,17.6,31
2024-03-08T21:00,12.1,23
2024-03-08T22:00,12.8,11
2024-03-08T23:00,10.2,352
2024-03-09T00:00,9.0,331
2024-03-09T01:00,8.8,348
2024-03-09T02:00,6.8,342
2024-03-09T03:00,4.8,333
2024-03-09T04:00,3.3,347
2024-03-09T05:00,5.1,356
2024-03-09T06:00,5.5,349
2024-03-09T07:00,6.2,350
2024-03-09T08:00,7.2,360
2024-03-09T09:00,8.8,9
2024-03-09T10:00,8.1,21
2024-03-09T11:00,10.9,56
2024-03-09T12:00,14.3,80
2024-03-09T13:00,14.1,87
2024-03-09T14:00,14.6,74
2024-03-09T15:00,18.0,87
2024-03-09T16:00,16.7,76
2024-03-09T17:00,16.0,81
2024-03-09T18:00,17.2,74
2024-03-09T19:00,19.5,74
2024-03-09T20:00,18.6,68
2024-03-09T21:00,17.4,66
2024-03-09T22:00,16.3,45
2024-03-09T23:00,16.1,48
2024-03-10T00:00,16.1,42
2024-03-10T01:00,19.1,44
2024-03-10T02:00,18.2,63
2024-03-10T03:00,21.3,62
2024-03-10T04:00,21.2,55
2024-03-10T05:00,22.1,37
2024-03-10T06:00,25.6,51
2024-03-10T07:00,21.1,46
2024-03-10T08:00,10.5,142
2024-03-10T09:00,2.2,9
2024-03-10T10:00,4.2,20
2024-03-10T11:00,4.3,355
2024-03-10T12:00,2.7,67
2024-03-10T13:00,2.9,97
2024-03-10T14:00,5.2,155
2024-03-10T15:00,7.9,196
2024-03-10T16:00,9.3,196
2024-03-10T17:00,8.9,207
2024-03-10T18:00,8.1,201
2024-03-10T19:00,4.8,243
2024-03-10T20:00,4.7,274
2024-03-10T21:00,6.5,264
2024-03-10T22:00,6.2,260
2024-03-10T23:00,4.3,318
2024-03-11T00:00,3.7,331
2024-03-11T01:00,5.0,360
2024-03-11T02:00,3.3,347
2024-03-11T03:00,7.6,19
2024-03-11T04:00,10.7,348
2024-03-11T05:00,11.0,341
2024-03-11T06:00,10.7,340
2024-03-11T07:00,8.0,355
2024-03-11T08:00,7.3,9
2024-03-11T09:00,8.0,10
2024-03-11T10:00,5.6,27
2024-03-11T11:00,4.8,27
2024-03-11T12:00,4.6,45
2024-03-11T13:00,2.2,81
2024-03-11T14:00,4.7,180
2024-03-11T15:00,5.7,145
2024-03-11T16:00,7.2,186
2024-03-11T17:00,0.0,180
2024-03-11T18:00,3.7,259
2024-03-11T19:00,5.4,360
2024-03-11T20:00,5.4,340
2024-03-11T21:00,3.4,328
2024-03-11T22:00,2.6,344
2024-03-11T23:00,5.2,348
2024-03-12T00:00,7.6,341
2024-03-12T01:00,10.2,350
2024-03-12T02:00,12.8,349
2024-03-12T03:00,13.8,340
2024-03-12T04:00,13.3,341
2024-03-12T05:00,12.2,341
2024-03-12T06:00,12.2,341
2024-03-12T07:00,12.1,348
2024-03-12T08:00,12.8,350
2024-03-12T09:00,12.8,350
2024-03-12T10:00,9.9,350
2024-03-12T11:00,6.3,13
2024-03-12T12:00,2.9,83
2024-03-12T13:00,6.2,159
2024-03-12T14:00,7.1,165
2024-03-12T15:00,9.7,182
2024-03-12T16:00,10.0,193
2024-03-12T17:00,8.9,207
2024-03-12T18:00,5.6,220
2024-03-12T19:00,5.1,266
2024-03-12T20:00,6.1,270
2024-03-12T21:00,3.2,333
2024-03-12T22:00,3.6,354
2024-03-12T23:00,4.8,347
2024-03-13T00:00,6.2,350
2024-03-13T01:00,6.6,347
2024-03-13T02:00,3.8,343
2024-03-13T03:00,5.2,344
2024-03-13T04:00,5.9,349
2024-03-13T05:00,5.8,353
2024-03-13T06:00,7.8,347
2024-03-13T07:00,7.4,346
2024-03-13T08:00,8.0,350
2024-03-13T09:00,9.5,349
2024-03-13T10:00,8.4,10
2024-03-13T11:00,6.8,87
2024-03-13T12:00,9.8,118
2024-03-13T13:00,9.0,119
2024-03-13T14:00,9.0,106
2024-03-13T15:00,5.6,130
2024-03-13T16:00,5.6,130
2024-03-13T17:00,5.4,143
2024-03-13T18:00,5.5,148
2024-03-13T19:00,3.6,135
2024-03-13T20:00,3.3,96
2024-03-13T21:00,3.7,11
2024-03-13T22:00,6.6,9
2024-03-13T23:00,5.4,8
2024-03-14T00:00,5.0,360
2024-03-14T01:00,2.9,353
2024-03-14T02:00,3.8,343
2024-03-14T03:00,4.6,342
2024-03-14T04:00,4.9,343
2024-03-14T05:00,4.6,342
2024-03-14T06:00,3.8,343
2024-03-14T07:00,3.8,343
2024-03-14T08:00,4.1,345
2024-03-14T09:00,4.1,345
2024-03-14T10:00,1.1,72
2024-03-14T11:00,4.5,151
2024-03-14T12:00,6.0,163
2024-03-14T13:00,5.4,160
2024-03-14T14:00,6.1,152
2024-03-14T15:00,8.0,153
2024-03-14T16:00,7.4,151
2024-03-14T17:00,6.7,144
2024-03-14T18:00,5.4,138
2024-03-14T19:00,3.1,135
2024-03-14T20:00,2.5,90
2024-03-14T21:00,3.8,17
2024-03-14T22:00,4.0,355
2024-03-14T23:00,5.5,349
2024-03-15T00:00,5.2,344
2024-03-15T01:00,3.9,338
2024-03-15T02:00,2.7,337
2024-03-15T03:00,1.6,333
2024-03-15T04:00,4.0,355
2024-03-15T05:00,5.8,4
2024-03-15T06:00,6.2,10
2024-03-15T07:00,5.6,15
2024-03-15T08:00,6.0,17
2024-03-15T09:00,6.9,28
2024-03-15T10:00,7.2,53
2024-03-15T11:00,6.5,96
2024-03-15T12:00,5.1,129
2024-03-15T13:00,4.9,144
2024-03-15T14:00,4.9,144
2024-03-15T15:00,4.7,113
2024-03-15T16:00,6.5,90
2024-03-15T17:00,3.8,107
2024-03-15T18:00,3.3,41
2024-03-15T19:00,5.6,40
2024-03-15T20:00,6.4,27
2024-03-15T21:00,8.8,19
2024-03-15T22:00,9.9,10
2024-03-15T23:00,7.2,357
2024-03-16T00:00,3.7,349
2024-03-16T01:00,2.6,344
2024-03-16T02:00,2.3,342
2024-03-16T03:00,2.4,333
2024-03-16T04:00,1.5,315
2024-03-16T05:00,1.5,346
2024-03-16T06:00,3.6,354
2024-03-16T07:00,6.6,347
2024-03-16T08:00,8.5,348
2024-03-16T09:00,9.1,351
2024-03-16T10:00,5.4,356
2024-03-16T11:00,4.6,129
2024-03-16T12:00,7.7,152
2024-03-16T13:00,8.8,168
2024-03-16T14:00,7.6,180
2024-03-16T15:00,5.4,172
2024-03-16T16:00,5.7,145
2024-03-16T17:00,6.7,126
2024-03-16T18:00,5.8,112
2024-03-16T19:00,4.8,103
2024-03-16T20:00,4.7,67
2024-03-16T21:00,4.0,355
2024-03-16T22:00,2.6,344
2024-03-16T23:00,2.5,352
2024-03-17T00:00,5.4,356
2024-03-17T01:00,2.6,344
2024-03-17T02:00,4.1,345
2024-03-17T03:00,4.2,340
2024-03-17T04:00,5.9,349
2024-03-17T05:00,5.5,349
2024-03-17T06:00,3.7,349
2024-03-17T07:00,2.5,352
2024-03-17T08:00,2.6,344
2024-03-17T09:00,4.0,350
2024-03-17T10:00,1.8,90
2024-03-17T11:00,4.9,163
2024-03-17T12:00,4.1,128
2024-03-17T13:00,3.9,124
2024-03-17T14:00,6.1,130
2024-03-17T15:00,6.0,123
2024-03-17T16:00,6.9,129
2024-03-17T17:00,6.4,128
2024-03-17T18:00,5.7,125
2024-03-17T19:00,3.8,131
2024-03-17T20:00,2.9,120
2024-03-17T21:00,3.0,104
2024-03-17T22:00,1.1,108
2024-03-17T23:00,1.9,22
2024-03-18T00:00,2.6,34
2024-03-18T01:00,2.5,45
2024-03-18T02:00,1.8,37
2024-03-18T03:00,2.3,39
2024-03-18T04:00,0.5,315
2024-03-18T05:00,2.9,7
2024-03-18T06:00,1.8,323
2024-03-18T07:00,0.4,270
2024-03-18T08:00,2.8,50
2024-03-18T09:00,3.9,56
2024-03-18T10:00,5.1,45
2024-03-18T11:00,4.4,55
2024-03-18T12:00,5.8,90
2024-03-18T13:00,4.8,132
2024-03-18T14:00,7.8,112
2024-03-18T15:00,18.0,92
2024-03-18T16:00,16.5,101
2024-03-18T17:00,12.3,95
2024-03-18T18:00,9.9,80
2024-03-18T19:00,6.1,90
2024-03-18T20:00,3.2,360
2024-03-18T21:00,5.7,55
2024-03-18T22:00,4.3,5
2024-03-18T23:00,5.6,345
2024-03-19T00:00,6.6,338
2024-03-19T01:00,5.0,339
2024-03-19T02:00,6.2,339
2024-03-19T03:00,4.3,360
2024-03-19T04:00,2.6,344
2024-03-19T05:00,3.1,339
2024-03-19T06:00,5.4,352
2024-03-19T07:00,5.8,353
2024-03-19T08:00,4.8,347
2024-03-19T09:00,5.4,352
2024-03-19T10:00,3.3,6
2024-03-19T11:00,4.1,142
2024-03-19T12:00,7.1,139
2024-03-19T13:00,8.0,126
2024-03-19T14:00,7.1,120
2024-03-19T15:00,5.6,130
2024-03-19T16:00,7.4,151
2024-03-19T17:00,5.5,148
2024-03-19T18:00,2.9,150
2024-03-19T19:00,2.2,180
2024-03-19T20:00,1.6,243
2024-03-19T21:00,3.8,343
2024-03-19T22:00,6.2,353
2024-03-19T23:00,5.0,339
2024-03-20T00:00,2.9,353
2024-03-20T01:00,4.3,355
2024-03-20T02:00,4.7,351
2024-03-20T03:00,6.4,344
2024-03-20T04:00,8.4,350
2024-03-20T05:00,9.8,352
2024-03-20T06:00,9.7,345
2024-03-20T07:00,8.2,345
2024-03-20T08:00,7.7,349
2024-03-20T09:00,8.0,355
2024-03-20T10:00,4.3,48
2024-03-20T11:00,5.1,129
2024-03-20T12:00,6.8,155
2024-03-20T13:00,7.4,151
2024-03-20T14:00,6.1,140
2024-03-20T15:00,6.8,122
2024-03-20T16:00,5.7,125
2024-03-20T17:00,4.6,135
2024-03-20T18:00,3.6,127
2024-03-20T19:00,1.8,90
2024-03-20T20:00,2.1,301
2024-03-20T21:00,3.6,323
2024-03-20T22:00,4.1,322
2024-03-20T23:00,4.0,333
2024-03-21T00:00,3.4,342
2024-03-21T01:00,5.2,344
2024-03-21T02:00,5.7,342
2024-03-21T03:00,6.3,347
2024-03-21T04:00,7.3,349
2024-03-21T05:00,6.9,354
2024-03-21T06:00,6.5,357
2024-03-21T07:00,6.5,3
2024-03-21T08:00,5.8,4
2024-03-21T09:00,5.8,7
2024-03-21T10:00,2.9,90
2024-03-21T11:00,6.2,126
2024-03-21T12:00,9.3,106
2024-03-21T13:00,14.4,89
2024-03-21T14:00,17.9,81
2024-03-21T15:00,12.4,80
2024-03-21T16:00,13.3,88
2024-03-21T17:00,14.4,93
2024-03-21T18:00,11.3,97
2024-03-21T19:00,10.1,73
2024-03-21T20:00,5.6,45
2024-03-21T21:00,5.1,39
2024-03-21T22:00,5.6,320
2024-03-21T23:00,2.2,360
2024-03-22T00:00,0.4,360
2024-03-22T01:00,1.6,333
2024-03-22T02:00,2.6,326
2024-03-22T03:00,3.3,354
2024-03-22T04:00,3.6,323
2024-03-22T05:00,2.6,344
2024-03-22T06:00,2.6,16
2024-03-22T07:00,3.6,354
2024-03-22T08:00,6.2,339
2024-03-22T09:00,8.1,339
2024-03-22T10:00,2.2,351
2024-03-22T11:00,4.4,171
2024-03-22T12:00,7.2,162
2024-03-22T13:00,7.3,160
2024-03-22T14:00,4.1,142
2024-03-22T15:00,2.8,140
2024-03-22T16:00,4.5,166
2024-03-22T17:00,4.7,171
2024-03-22T18:00,4.0,180
2024-03-22T19:00,2.7,203
2024-03-22T20:00,2.6,304
2024-03-22T21:00,2.6,326
2024-03-22T22:00,2.0,315
2024-03-22T23:00,2.6,344
2024-03-23T00:00,4.8,347
2024-03-23T01:00,5.1,356
2024-03-23T02:00,3.3,354
2024-03-23T03:00,4.3,360
2024-03-23T04:00,2.5,360
2024-03-23T05:00,2.5,360
2024-03-23T06:00,4.3,360
2024-03-23T07:00,5.1,8
2024-03-23T08:00,4.7,4
2024-03-23T09:00,4.3,24
2024-03-23T10:00,5.1,135
2024-03-23T11:00,7.2,117
2024-03-23T12:00,10.2,98
2024-03-23T13:00,7.9,90
2024-03-23T14:00,6.1,87
2024-03-23T15:00,11.2,92
2024-03-23T16:00,3.9,338
2024-03-23T17:00,13.7,273
2024-03-23T18:00,12.4,260
2024-03-23T19:00,13.2,292
2024-03-23T20:00,16.4,308
2024-03-23T21:00,10.2,302
2024-03-23T22:00,10.2,225
2024-03-23T23:00,11.0,247
2024-03-24T00:00,11.5,250
2024-03-24T01:00,7.4,256
2024-03-24T02:00,6.5,276
2024-03-24T03:00,7.1,255
2024-03-24T04:00,5.2,282
2024-03-24T05:00,3.8,311
2024-03-24T06:00,6.1,320
2024-03-24T07:00,9.0,331
2024-03-24T08:00,12.6,340
2024-03-24T09:00,11.7,342
2024-03-24T10:00,8.3,342
2024-03-24T11:00,2.6,344
2024-03-24T12:00,6.3,167
2024-03-24T13:00,14.2,164
2024-03-24T14:00,19.0,143
2024-03-24T15:00,10.6,114
2024-03-24T16:00,13.7,120
2024-03-24T17:00,14.4,112
2024-03-24T18:00,9.5,101
2024-03-24T19:00,7.3,79
2024-03-24T20:00,6.2,54
2024-03-24T21:00,6.4,16
2024-03-24T22:00,5.6,345
2024-03-24T23:00,10.1,343
2024-03-25T00:00,10.9,343
2024-03-25T01:00,12.8,338
2024-03-25T02:00,13.1,339
2024-03-25T03:00,8.2,337
2024-03-25T04:00,7.9,336
2024-03-25T05:00,7.0,339
2024-03-25T06:00,8.4,335
2024-03-25T07:00,11.4,336
2024-03-25T08:00,15.7,344
2024-03-25T09:00,14.8,342
2024-03-25T10:00,9.0,337
2024-03-25T11:00,10.7,102
2024-03-25T12:00,19.7,98
2024-03-25T13:00,21.1,99
2024-03-25T14:00,23.1,104
2024-03-25T15:00,25.0,96
2024-03-25T16:00,22.9,97
2024-03-25T17:00,21.3,87
2024-03-25T18:00,22.0,89
2024-03-25T19:00,18.8,85
2024-03-25T20:00,18.8,78
2024-03-25T21:00,19.8,71
2024-03-25T22:00,18.9,69
2024-03-25T23:00,21.4,61
2024-03-26T00:00,17.8,42
2024-03-26T01:00,18.8,43
2024-03-26T02:00,18.9,42
2024-03-26T03:00,22.2,42
2024-03-26T04:00,20.0,18
2024-03-26T05:00,15.8,348
2024-03-26T06:00,18.7,359
2024-03-26T07:00,17.6,26
2024-03-26T08:00,19.0,29
2024-03-26T09:00,17.7,27
2024-03-26T10:00,19.8,29
2024-03-26T11:00,18.5,21
2024-03-26T12:00,10.2,23
2024-03-26T13:00,9.0,16
2024-03-26T14:00,8.6,22
2024-03-26T15:00,9.8,6
2024-03-26T16:00,5.4,37
2024-03-26T17:00,7.1,49
2024-03-26T18:00,9.4,50
2024-03-26T19:00,8.2,29
2024-03-26T20:00,9.1,351
2024-03-26T21:00,10.5,344
2024-03-26T22:00,7.9,357
2024-03-26T23:00,10.2,10
2024-03-27T00:00,9.4,32
2024-03-27T01:00,12.0,44
2024-03-27T02:00,12.5,51
2024-03-27T03:00,22.7,63
2024-03-27T04:00,22.5,78
2024-03-27T05:00,27.2,83
2024-03-27T06:00,32.2,96
2024-03-27T07:00,12.1,170
2024-03-27T08:00,10.8,233
2024-03-27T09:00,6.1,230
2024-03-27T10:00,9.7,225
2024-03-27T11:00,15.9,219
2024-03-27T12:00,17.8,222
2024-03-27T13:00,19.1,229
2024-03-27T14:00,20.9,234
2024-03-27T15:00,25.1,241
2024-03-27T16:00,28.1,237
2024-03-27T17:00,23.7,242
2024-03-27T18:00,19.3,246
2024-03-27T19:00,17.6,242
2024-03-27T20:00,15.7,238
2024-03-27T21:00,18.1,235
2024-03-27T22:00,17.2,241
2024-03-27T23:00,13.3,257
2024-03-28T00:00,6.3,294
2024-03-28T01:00,8.4,335
2024-03-28T02:00,10.6,342
2024-03-28T03:00,7.3,351
2024-03-28T04:00,9.7,345
2024-03-28T05:00,9.4,356
2024-03-28T06:00,13.3,341
2024-03-28T07:00,10.5,329
2024-03-28T08:00,6.9,332
2024-03-28T09:00,6.1,357
2024-03-28T10:00,6.6,22
2024-03-28T11:00,1.1,198
2024-03-28T12:00,10.0,210
2024-03-28T13:00,14.0,215
2024-03-28T14:00,18.2,231
2024-03-28T15:00,23.4,226
2024-03-28T16:00,20.2,235
2024-03-28T17:00,18.0,237
2024-03-28T18:00,17.1,215
2024-03-28T19:00,19.4,211
2024-03-28T20:00,14.7,234
2024-03-28T21:00,8.7,287
2024-03-28T22:00,4.4,305
2024-03-28T23:00,4.6,321
2024-03-29T00:00,4.4,325
2024-03-29T01:00,5.8,338
2024-03-29T02:00,6.2,350
2024-03-29T03:00,10.2,352
2024-03-29T04:00,6.9,351
2024-03-29T05:00,6.5,354
2024-03-29T06:00,11.5,4
2024-03-29T07:00,12.1,10
2024-03-29T08:00,14.1,3
2024-03-29T09:00,12.7,8
2024-03-29T10:00,12.1,17
2024-03-29T11:00,11.2,21
2024-03-29T12:00,8.9,50
2024-03-29T13:00,9.2,39
2024-03-29T14:00,11.0,79
2024-03-29T15:00,15.2,85
2024-03-29T16:00,18.2,82
2024-03-29T17:00,23.8,86
2024-03-29T18:00,22.4,86
2024-03-29T19:00,19.1,86
2024-03-29T20:00,14.0,72
2024-03-29T21:00,10.2,51
2024-03-29T22:00,9.4,32
2024-03-29T23:00,10.5,16
2024-03-30T00:00,8.8,351
2024-03-30T01:00,7.3,340
2024-03-30T02:00,7.2,6
2024-03-30T03:00,9.8,36
2024-03-30T04:00,10.0,26
2024-03-30T05:00,8.8,12
2024-03-30T06:00,11.2,354
2024-03-30T07:00,9.8,352
2024-03-30T08:00,10.5,38
2024-03-30T09:00,16.8,62
2024-03-30T10:00,22.2,73
2024-03-30T11:00,24.1,73
2024-03-30T12:00,21.3,85
2024-03-30T13:00,19.6,84
2024-03-30T14:00,16.8,67
2024-03-30T15:00,21.2,105
2024-03-30T16:00,20.2,85
2024-03-30T17:00,17.2,74
2024-03-30T18:00,12.1,100
2024-03-30T19:00,10.6,145
2024-03-30T20:00,7.2,127
2024-03-30T21:00,2.0,225
2024-03-30T22:00,4.4,351
2024-03-30T23:00,4.0,27
2024-03-31T00:00,3.3,6
2024-03-31T01:00,4.3,24
2024-03-31T02:00,5.7,18
2024-03-31T03:00,7.1,24
2024-03-31T04:00,5.4,340
2024-03-31T05:00,5.1,309
2024-03-31T06:00,8.5,28
2024-03-31T07:00,9.8,66
2024-03-31T08:00,6.2,80
2024-03-31T09:00,6.2,69
2024-03-31T10:00,6.2,80
2024-03-31T11:00,9.9,46
2024-03-31T12:00,11.8,27
2024-03-31T13:00,11.4,11
2024-03-31T14:00,10.4,20
2024-03-31T15:00,4.7,4
2024-03-31T16:00,3.9,338
2024-03-31T17:00,4.0,90
2024-03-31T18:00,8.3,88
2024-03-31T19:00,9.5,65
2024-03-31T20:00,7.2,53
2024-03-31T21:00,7.7,62
2024-03-31T22:00,10.9,73
2024-03-31T23:00,10.7,70
2024-04-01T00:00,11.5,94
2024-04-01T01:00,12.4,112
2024-04-01T02:00,18.5,127
2024-04-01T03:00,18.5,193
2024-04-01T04:00,23.4,245
2024-04-01T05:00,18.8,253
2024-04-01T06:00,14.9,238
2024-04-01T07:00,6.6,229
2024-04-01T08:00,2.5,278
2024-04-01T09:00,4.3,204
2024-04-01T10:00,6.5,199
2024-04-01T11:00,15.3,204
2024-04-01T12:00,22.9,213
2024-04-01T13:00,23.0,212
2024-04-01T14:00,26.4,209
2024-04-01T15:00,19.1,234
2024-04-01T16:00,20.9,246
2024-04-01T17:00,21.8,248
2024-04-01T18:00,18.9,246
2024-04-01T19:00,18.7,242
2024-04-01T20:00,18.5,246
2024-04-01T21:00,15.8,246
2024-04-01T22:00,12.2,251
2024-04-01T23:00,10.4,256
2024-04-02T00:00,8.3,270
2024-04-02T01:00,6.2,277
2024-04-02T02:00,5.9,284
2024-04-02T03:00,5.1,266
2024-04-02T04:00,4.6,288
2024-04-02T05:00,5.9,308
2024-04-02T06:00,5.6,320
2024-04-02T07:00,2.7,337
2024-04-02T08:00,1.5,76
2024-04-02T09:00,1.9,112
2024-04-02T10:00,6.4,142
2024-04-02T11:00,5.8,173
2024-04-02T12:00,7.6,180
2024-04-02T13:00,7.0,192
2024-04-02T14:00,9.9,213
2024-04-02T15:00,10.4,136
2024-04-02T16:00,15.0,100
2024-04-02T17:00,15.5,93
2024-04-02T18:00,6.0,123
2024-04-02T19:00,3.1,249
2024-04-02T20:00,6.6,283
2024-04-02T21:00,4.1,322
2024-04-02T22:00,4.4,351
2024-04-02T23:00,1.3,326
2024-04-03T00:00,2.5,315
2024-04-03T01:00,2.6,304
2024-04-03T02:00,3.1,306
2024-04-03T03:00,4.5,209
2024-04-03T04:00,5.6,230
2024-04-03T05:00,4.7,238
2024-04-03T06:00,4.4,261
2024-04-03T07:00,3.3,283
2024-04-03T08:00,1.3,304
2024-04-03T09:00,4.0,190
2024-04-03T10:00,6.7,196
2024-04-03T11:00,7.8,193
2024-04-03T12:00,10.6,190
2024-04-03T13:00,16.6,185
2024-04-03T14:00,17.9,190
2024-04-03T15:00,17.5,188
2024-04-03T16:00,12.7,165
2024-04-03T17:00,7.5,107
2024-04-03T18:00,7.9,74
2024-04-03T19:00,7.5,55
2024-04-03T20:00,5.8,22
2024-04-03T21:00,2.5,352
2024-04-03T22:00,3.9,338
2024-04-03T23:00,6.2,350
2024-04-04T00:00,8.2,29
2024-04-04T01:00,9.7,48
2024-04-04T02:00,4.4,35
2024-04-04T03:00,2.0,315
2024-04-04T04:00,1.9,338
2024-04-04T05:00,5.2,335
2024-04-04T06:00,6.5,341
2024-04-04T07:00,7.8,347
2024-04-04T08:00,7.6,352
2024-04-04T09:00,6.6,13
2024-04-04T10:00,3.5,114
2024-04-04T11:00,6.4,153
2024-04-04T12:00,7.1,165
2024-04-04T13:00,7.1,131
2024-04-04T14:00,7.2,84
2024-04-04T15:00,6.9,96
2024-04-04T16:00,5.8,94
2024-04-04T17:00,3.2,117
2024-04-04T18:00,2.6,164
2024-04-04T19:00,1.3,214
2024-04-04T20:00,3.2,360
2024-04-04T21:00,2.9,353
2024-04-04T22:00,2.5,360
2024-04-04T23:00,4.0,360
2024-04-05T00:00,5.8,7
2024-04-05T01:00,7.6,8
2024-04-05T02:00,6.8,3
2024-04-05T03:00,4.3,360
2024-04-05T04:00,4.3,360
2024-04-05T05:00,5.1,352
2024-04-05T06:00,5.8,353
2024-04-05T07:00,6.2,350
2024-04-05T08:00,6.2,350
2024-04-05T09:00,3.7,349
2024-04-05T10:00,3.3,174
2024-04-05T11:00,5.5,169
2024-04-05T12:00,7.0,159
2024-04-05T13:00,8.0,162
2024-04-05T14:00,9.0,178
2024-04-05T15:00,9.2,169
2024-04-05T16:00,8.4,160
2024-04-05T17:00,6.6,151
2024-04-05T18:00,6.1,130
2024-04-05T19:00,4.2,121
2024-04-05T20:00,3.1,111
2024-04-05T21:00,4.9,54
2024-04-05T22:00,7.1,49
2024-04-05T23:00,6.2,36
2024-04-06T00:00,5.2,16
2024-04-06T01:00,3.6,6
2024-04-06T02:00,2.9,353
2024-04-06T03:00,4.5,346
2024-04-06T04:00,3.0,346
2024-04-06T05:00,1.5,346
2024-04-06T06:00,2.5,352
2024-04-06T07:00,4.7,356
2024-04-06T08:00,6.5,360
2024-04-06T09:00,5.0,30
2024-04-06T10:00,5.1,98
2024-04-06T11:00,6.5,109
2024-04-06T12:00,7.4,113
2024-04-06T13:00,8.2,119
2024-04-06T14:00,8.9,117
2024-04-06T15:00,9.8,114
2024-04-06T16:00,8.7,114
2024-04-06T17:00,7.1,114
2024-04-06T18:00,6.6,103
2024-04-06T19:00,5.8,83
2024-04-06T20:00,5.9,52
2024-04-06T21:00,4.6,18
2024-04-06T22:00,3.3,6
2024-04-06T23:00,3.4,18
2024-04-07T00:00,3.9,34
2024-04-07T01:00,3.6,37
2024-04-07T02:00,2.2,9
2024-04-07T03:00,1.8,360
2024-04-07T04:00,1.4,360
2024-04-07T05:00,4.0,10
2024-04-07T06:00,2.9,353
2024-04-07T07:00,3.3,347
2024-04-07T08:00,2.2,351
2024-04-07T09:00,2.6,34
2024-04-07T10:00,4.3,114
2024-04-07T11:00,5.6,117
2024-04-07T12:00,6.0,115
2024-04-07T13:00,6.8,122
2024-04-07T14:00,7.6,115
2024-04-07T15:00,7.4,113
2024-04-07T16:00,6.2,97
2024-04-07T17:00,5.4,98
2024-04-07T18:00,5.4,98
2024-04-07T19:00,3.6,90
2024-04-07T20:00,4.3,48
2024-04-07T21:00,4.2,20
2024-04-07T22:00,3.8,17
2024-04-07T23:00,1.5,346
2024-04-08T00:00,1.8,360
2024-04-08T01:00,4.4,9
2024-04-08T02:00,5.9,14
2024-04-08T03:00,5.6,27
2024-04-08T04:00,3.0,14
2024-04-08T05:00,2.9,7
2024-04-08T06:00,3.6,6
2024-04-08T07:00,3.3,354
2024-04-08T08:00,4.0,355
2024-04-08T09:00,4.3,355
2024-04-08T10:00,4.8,103
2024-04-08T11:00,6.3,114
2024-04-08T12:00,6.2,97
2024-04-08T13:00,7.0,102
2024-04-08T14:00,7.6,98
2024-04-08T15:00,7.2,93
2024-04-08T16:00,8.3,85
2024-04-08T17:00,7.3,81
2024-04-08T18:00,6.5,71
2024-04-08T19:00,2.5,45
2024-04-08T20:00,5.4,20
2024-04-08T21:00,2.5,360
2024-04-08T22:00,4.0,360
2024-04-08T23:00,5.0,360
2024-04-09T00:00,3.4,342
2024-04-09T01:00,4.7,360
2024-04-09T02:00,2.3,321
2024-04-09T03:00,6.7,36
2024-04-09T04:00,2.2,9
2024-04-09T05:00,4.4,351
2024-04-09T06:00,15.0,333
2024-04-09T07:00,16.9,336
2024-04-09T08:00,7.9,357
2024-04-09T09:00,9.4,358
2024-04-09T10:00,5.1,315
2024-04-09T11:00,5.8,120
2024-04-09T12:00,0.8,117
2024-04-09T13:00,3.1,225
2024-04-09T14:00,7.3,213
2024-04-09T15:00,12.1,197
2024-04-09T16:00,15.1,208
2024-04-09T17:00,10.9,189
2024-04-09T18:00,9.0,185
2024-04-09T19:00,5.1,188
2024-04-09T20:00,2.9,240
2024-04-09T21:00,3.1,21
2024-04-09T22:00,5.8,22
2024-04-09T23:00,8.4,20
2024-04-10T00:00,4.1,345
2024-04-10T01:00,4.9,343
2024-04-10T02:00,5.1,356
2024-04-10T03:00,7.9,330
2024-04-10T04:00,4.6,315
2024-04-10T05:00,6.4,317
2024-04-10T06:00,6.4,333
2024-04-10T07:00,6.5,341
2024-04-10T08:00,8.3,342
2024-04-10T09:00,9.0,360
2024-04-10T10:00,3.9,56
2024-04-10T11:00,6.8,122
2024-04-10T12:00,4.8,138
2024-04-10T13:00,11.8,153
2024-04-10T14:00,10.1,153
2024-04-10T15:00,13.7,153
2024-04-10T16:00,18.3,195
2024-04-10T17:00,13.2,209
2024-04-10T18:00,7.6,245
2024-04-10T19:00,3.5,156
2024-04-10T20:00,2.7,23
2024-04-10T21:00,4.9,36
2024-04-10T22:00,2.2,90
2024-04-10T23:00,5.0,150
2024-04-11T00:00,7.4,321
2024-04-11T01:00,8.1,347
2024-04-11T02:00,7.4,346
2024-04-11T03:00,13.0,346
2024-04-11T04:00,12.7,353
2024-04-11T05:00,11.9,3
2024-04-11T06:00,8.7,353
2024-04-11T07:00,7.4,337
2024-04-11T08:00,5.0,339
2024-04-11T09:00,4.4,325
2024-04-11T10:00,4.5,284
2024-04-11T11:00,4.6,252
2024-04-11T12:00,4.6,225
2024-04-11T13:00,9.0,196
2024-04-11T14:00,9.4,184
2024-04-11T15:00,7.3,191
2024-04-11T16:00,7.2,180
2024-04-11T17:00,7.9,196
2024-04-11T18:00,7.6,205
2024-04-11T19:00,3.3,221
2024-04-11T20:00,3.7,281
2024-04-11T21:00,5.6,333
2024-04-11T22:00,3.4,342
2024-04-11T23:00,4.6,342
2024-04-12T00:00,6.7,344
2024-04-12T01:00,9.7,345
2024-04-12T02:00,12.0,344
2024-04-12T03:00,15.3,345
2024-04-12T04:00,15.0,343
2024-04-12T05:00,15.3,345
2024-04-12T06:00,14.3,350
2024-04-12T07:00,12.8,350
2024-04-12T08:00,11.6,353
2024-04-12T09:00,8.3,2
2024-04-12T10:00,2.9,60
2024-04-12T11:00,4.6,162
2024-04-12T12:00,7.3,169
2024-04-12T13:00,6.8,162
2024-04-12T14:00,6.4,153
2024-04-12T15:00,6.6,189
2024-04-12T16:00,6.9,186
2024-04-12T17:00,6.5,183
2024-04-12T18:00,5.1,188
2024-04-12T19:00,1.1,108
2024-04-12T20:00,4.0,355
2024-04-12T21:00,5.2,335
2024-04-12T22:00,5.2,335
2024-04-12T23:00,7.8,347
2024-04-13T00:00,9.2,349
2024-04-13T01:00,12.1,348
2024-04-13T02:00,14.1,345
2024-04-13T03:00,13.8,340
2024-04-13T04:00,14.8,342
2024-04-13T05:00,13.9,343
2024-04-13T06:00,13.8,345
2024-04-13T07:00,13.4,346
2024-04-13T08:00,12.9,347
2024-04-13T09:00,10.5,352
2024-04-13T10:00,2.8,50
2024-04-13T11:00,6.4,128
2024-04-13T12:00,6.8,122
2024-04-13T13:00,6.3,121
2024-04-13T14:00,5.9,128
2024-04-13T15:00,5.6,130
2024-04-13T16:00,4.7,148
2024-04-13T17:00,3.7,151
2024-04-13T18:00,2.1,121
2024-04-13T19:00,1.1,72
2024-04-13T20:00,3.1,339
2024-04-13T21:00,4.6,315
2024-04-13T22:00,4.7,328
2024-04-13T23:00,5.5,337
2024-04-14T00:00,3.8,343
2024-04-14T01:00,5.9,346
2024-04-14T02:00,8.1,347
2024-04-14T03:00,10.7,346
2024-04-14T04:00,12.6,347
2024-04-14T05:00,12.9,347
2024-04-14T06:00,11.8,348
2024-04-14T07:00,10.3,348
2024-04-14T08:00,9.2,349
2024-04-14T09:00,6.6,9
2024-04-14T10:00,4.9,107
2024-04-14T11:00,7.2,127
2024-04-14T12:00,6.7,126
2024-04-14T13:00,6.4,117
2024-04-14T14:00,7.3,123
2024-04-14T15:00,6.6,131
2024-04-14T16:00,5.7,125
2024-04-14T17:00,4.5,119
2024-04-14T18:00,4.0,117
2024-04-14T19:00,4.7,122
2024-04-14T20:00,2.4,63
2024-04-14T21:00,7.3,20
2024-04-14T22:00,4.5,14
2024-04-14T23:00,2.2,9
2024-04-15T00:00,1.9,338
2024-04-15T01:00,3.6,354
2024-04-15T02:00,1.4,360
2024-04-15T03:00,3.6,6
2024-04-15T04:00,4.3,5
2024-04-15T05:00,3.0,14
2024-04-15T06:00,4.6,18
2024-04-15T07:00,4.0,10
2024-04-15T08:00,3.9,22
2024-04-15T09:00,4.2,70
2024-04-15T10:00,6.3,114
2024-04-15T11:00,6.6,158
2024-04-15T12:00,13.4,200
2024-04-15T13:00,17.2,206
2024-04-15T14:00,13.0,194
2024-04-15T15:00,6.5,161
2024-04-15T16:00,6.0,115
2024-04-15T17:00,11.8,59
2024-04-15T18:00,11.2,75
2024-04-15T19:00,3.5,66
2024-04-15T20:00,7.2,243
2024-04-15T21:00,11.8,247
2024-04-15T22:00,8.9,249
2024-04-15T23:00,9.6,257
2024-04-16T00:00,9.1,252
2024-04-16T01:00,9.3,254
2024-04-16T02:00,6.8,267
2024-04-16T03:00,6.0,295
2024-04-16T04:00,6.9,279
2024-04-16T05:00,8.8,258
2024-04-16T06:00,8.9,230
2024-04-16T07:00,6.5,236
2024-04-16T08:00,5.1,225
2024-04-16T09:00,7.6,185
2024-04-16T10:00,8.6,195
2024-04-16T11:00,9.7,178
2024-04-16T12:00,11.9,151
2024-04-16T13:00,17.8,122
2024-04-16T14:00,22.0,101
2024-04-16T15:00,16.5,101
2024-04-16T16:00,23.8,92
2024-04-16T17:00,12.6,110
2024-04-16T18:00,5.1,129
2024-04-16T19:00,6.8,162
2024-04-16T20:00,9.0,106
2024-04-16T21:00,6.1,40
2024-04-16T22:00,6.7,344
2024-04-16T23:00,6.6,319
2024-04-17T00:00,4.1,315
2024-04-17T01:00,7.6,341
2024-04-17T02:00,11.9,346
2024-04-17T03:00,13.3,341
2024-04-17T04:00,13.6,343
2024-04-17T05:00,13.6,338
2024-04-17T06:00,14.5,341
2024-04-17T07:00,15.4,344
2024-04-17T08:00,14.0,342
2024-04-17T09:00,9.4,342
2024-04-17T10:00,1.3,326
2024-04-17T11:00,6.9,171
2024-04-17T12:00,10.9,163
2024-04-17T13:00,14.6,164
2024-04-17T14:00,19.8,178
2024-04-17T15:00,15.6,172
2024-04-17T16:00,13.0,136
2024-04-17T17:00,17.0,86
2024-04-17T18:00,16.3,68
2024-04-17T19:00,13.2,55
2024-04-17T20:00,10.2,39
2024-04-17T21:00,6.8,357
2024-04-17T22:00,8.5,348
2024-04-17T23:00,9.9,341
2024-04-18T00:00,12.8,338
2024-04-18T01:00,14.0,342
2024-04-18T02:00,14.8,342
2024-04-18T03:00,14.8,334
2024-04-18T04:00,12.2,341
2024-04-18T05:00,10.9,352
2024-04-18T06:00,11.0,349
2024-04-18T07:00,15.2,346
2024-04-18T08:00,14.8,346
2024-04-18T09:00,11.9,346
2024-04-18T10:00,8.9,339
2024-04-18T11:00,3.6,84
2024-04-18T12:00,15.1,87
2024-04-18T13:00,9.3,13
2024-04-18T14:00,12.8,50
2024-04-18T15:00,2.3,219
2024-04-18T16:00,15.6,165
2024-04-18T17:00,3.1,111
2024-04-18T18:00,16.4,289
2024-04-18T19:00,6.9,313
2024-04-18T20:00,4.0,260
2024-04-18T21:00,4.8,297
2024-04-18T22:00,4.7,328
2024-04-18T23:00,4.0,350
2024-04-19T00:00,5.7,342
2024-04-19T01:00,5.0,339
2024-04-19T02:00,5.8,338
2024-04-19T03:00,8.0,350
2024-04-19T04:00,9.3,347
2024-04-19T05:00,13.1,352
2024-04-19T06:00,15.7,349
2024-04-19T07:00,15.3,341
2024-04-19T08:00,12.6,336
2024-04-19T09:00,7.1,345
2024-04-19T10:00,4.5,209
2024-04-19T11:00,9.8,197
2024-04-19T12:00,13.8,187
2024-04-19T13:00,16.7,194
2024-04-19T14:00,18.3,195
2024-04-19T15:00,18.2,189
2024-04-19T16:00,11.7,198
2024-04-19T17:00,6.3,193
2024-04-19T18:00,5.7,55
2024-04-19T19:00,13.9,37
2024-04-19T20:00,5.0,360
2024-04-19T21:00,4.4,325
2024-04-19T22:00,2.6,344
2024-04-19T23:00,5.4,356
2024-04-20T00:00,7.6,5
2024-04-20T01:00,7.3,11
2024-04-20T02:00,7.2,357
2024-04-20T03:00,9.3,28
2024-04-20T04:00,5.0,21
2024-04-20T05:00,5.4,323
2024-04-20T06:00,4.2,329
2024-04-20T07:00,4.0,333
2024-04-20T08:00,6.6,347
2024-04-20T09:00,6.8,357
2024-04-20T10:00,2.1,59
2024-04-20T11:00,9.8,156
2024-04-20T12:00,12.3,175
2024-04-20T13:00,13.0,199
2024-04-20T14:00,16.2,201
2024-04-20T15:00,10.5,112
2024-04-20T16:00,14.2,21
2024-04-20T17:00,13.7,342
2024-04-20T18:00,11.2,327
2024-04-20T19:00,7.2,333
2024-04-20T20:00,6.2,21
2024-04-20T21:00,5.9,14
2024-04-20T22:00,6.8,357
2024-04-20T23:00,7.9,344
2024-04-21T00:00,6.6,347
2024-04-21T01:00,8.6,345
2024-04-21T02:00,11.7,349
2024-04-21T03:00,13.2,349
2024-04-21T04:00,14.1,347
2024-04-21T05:00,13.6,343
2024-04-21T06:00,12.9,342
2024-04-21T07:00,11.1,347
2024-04-21T08:00,8.4,350
2024-04-21T09:00,1.3,34
2024-04-21T10:00,8.2,165
2024-04-21T11:00,13.3,178
2024-04-21T12:00,20.8,198
2024-04-21T13:00,27.9,195
2024-04-21T14:00,26.8,195
2024-04-21T15:00,26.9,196
2024-04-21T16:00,22.9,208
2024-04-21T17:00,20.4,212
2024-04-21T18:00,16.4,209
2024-04-21T19:00,6.3,193
2024-04-21T20:00,8.1,69
2024-04-21T21:00,21.9,48
2024-04-21T22:00,14.6,38
2024-04-21T23:00,23.8,72
2024-04-22T00:00,13.4,66
2024-04-22T01:00,9.0,53
2024-04-22T02:00,7.4,43
2024-04-22T03:00,9.7,63
2024-04-22T04:00,5.4,266
2024-04-22T05:00,5.8,263
2024-04-22T06:00,3.1,324
2024-04-22T07:00,7.6,360
2024-04-22T08:00,8.0,352
2024-04-22T09:00,8.4,329
2024-04-22T10:00,12.8,350
2024-04-22T11:00,10.4,358
2024-04-22T12:00,5.0,339
2024-04-22T13:00,3.3,347
2024-04-22T14:00,7.9,164
2024-04-22T15:00,16.7,199
2024-04-22T16:00,7.3,213
2024-04-22T17:00,10.6,204
2024-04-22T18:00,4.7,356
2024-04-22T19:00,4.4,171
2024-04-22T20:00,5.0,330
2024-04-22T21:00,1.8,191
2024-04-22T22:00,3.3,221
2024-04-22T23:00,3.0,256
2024-04-23T00:00,3.6,270
2024-04-23T01:00,3.6,270
2024-04-23T02:00,4.0,265
2024-04-23T03:00,5.8,330
2024-04-23T04:00,7.4,346
2024-04-23T05:00,7.9,357
2024-04-23T06:00,6.5,354
2024-04-23T07:00,5.2,348
2024-04-23T08:00,5.7,342
2024-04-23T09:00,2.3,342
2024-04-23T10:00,4.0,170
2024-04-23T11:00,7.1,150
2024-04-23T12:00,7.2,174
2024-04-23T13:00,11.4,156
2024-04-23T14:00,4.4,125
2024-04-23T15:00,13.2,191
2024-04-23T16:00,11.5,194
2024-04-23T17:00,7.3,189
2024-04-23T18:00,1.3,304
2024-04-23T19:00,2.9,187
2024-04-23T20:00,3.4,148
2024-04-23T21:00,1.5,76
2024-04-23T22:00,4.3,90
2024-04-23T23:00,4.4,35
2024-04-24T00:00,4.3,5
2024-04-24T01:00,5.4,352
2024-04-24T02:00,5.6,345
2024-04-24T03:00,6.6,347
2024-04-24T04:00,8.9,346
2024-04-24T05:00,9.3,344
2024-04-24T06:00,9.4,337
2024-04-24T07:00,8.7,343
2024-04-24T08:00,7.8,347
2024-04-24T09:00,4.5,14
2024-04-24T10:00,4.2,149
2024-04-24T11:00,6.3,167
2024-04-24T12:00,9.0,178
2024-04-24T13:00,10.5,176
2024-04-24T14:00,10.5,174
2024-04-24T15:00,18.4,180
2024-04-24T16:00,18.8,173
2024-04-24T17:00,13.9,170
2024-04-24T18:00,9.2,149
2024-04-24T19:00,6.3,114
2024-04-24T20:00,3.6,37
2024-04-24T21:00,5.8,4
2024-04-24T22:00,5.2,344
2024-04-24T23:00,7.0,348
2024-04-25T00:00,7.1,345
2024-04-25T01:00,8.2,345
2024-04-25T02:00,9.2,349
2024-04-25T03:00,11.1,347
2024-04-25T04:00,12.3,339
2024-04-25T05:00,11.3,329
2024-04-25T06:00,10.4,340
2024-04-25T07:00,8.6,338
2024-04-25T08:00,7.2,342
2024-04-25T09:00,4.7,328
2024-04-25T10:00,4.8,138
2024-04-25T11:00,11.8,113
2024-04-25T12:00,14.6,99
2024-04-25T13:00,14.1,94
2024-04-25T14:00,11.7,108
2024-04-25T15:00,10.1,107
2024-04-25T16:00,7.7,118
2024-04-25T17:00,6.6,139
2024-04-25T18:00,6.1,130
2024-04-25T19:00,4.9,126
2024-04-25T20:00,0.7,180
2024-04-25T21:00,2.4,333
2024-04-25T22:00,4.3,355
2024-04-25T23:00,4.0,350
2024-04-26T00:00,4.2,340
2024-04-26T01:00,4.0,350
2024-04-26T02:00,6.6,351
2024-04-26T03:00,7.7,349
2024-04-26T04:00,8.4,350
2024-04-26T05:00,8.3,355
2024-04-26T06:00,7.6,355
2024-04-26T07:00,8.0,5
2024-04-26T08:00,9.8,6
2024-04-26T09:00,8.1,69
2024-04-26T10:00,10.4,88
2024-04-26T11:00,13.2,116
2024-04-26T12:00,9.2,116
2024-04-26T13:00,4.0,95
2024-04-26T14:00,4.9,73
2024-04-26T15:00,2.6,106
2024-04-26T16:00,5.6,45
2024-04-26T17:00,9.3,28
2024-04-26T18:00,10.4,34
2024-04-26T19:00,7.2,27
2024-04-26T20:00,5.6,27
2024-04-26T21:00,4.4,35
2024-04-26T22:00,3.9,34
2024-04-26T23:00,4.7,23
2024-04-27T00:00,5.4,4
2024-04-27T01:00,7.2,357
2024-04-27T02:00,5.8,353
2024-04-27T03:00,7.6,357
2024-04-27T04:00,5.8,353
2024-04-27T05:00,6.3,347
2024-04-27T06:00,6.8,342
2024-04-27T07:00,7.9,344
2024-04-27T08:00,8.7,353
2024-04-27T09:00,9.7,48
2024-04-27T10:00,13.0,76
2024-04-27T11:00,22.1,96
2024-04-27T12:00,25.1,98
2024-04-27T13:00,25.8,98
2024-04-27T14:00,26.7,95
2024-04-27T15:00,27.3,99
2024-04-27T16:00,27.1,95
2024-04-27T17:00,24.1,90
2024-04-27T18:00,22.8,85
2024-04-27T19:00,19.0,75
2024-04-27T20:00,17.1,68
2024-04-27T21:00,11.9,55
2024-04-27T22:00,13.3,57
2024-04-27T23:00,11.2,45
2024-04-28T00:00,7.5,35
2024-04-28T01:00,9.8,17
2024-04-28T02:00,12.3,5
2024-04-28T03:00,6.2,10
2024-04-28T04:00,6.8,357
2024-04-28T05:00,10.7,340
2024-04-28T06:00,9.4,342
2024-04-28T07:00,9.2,339
2024-04-28T08:00,10.8,345
2024-04-28T09:00,7.6,355
2024-04-28T10:00,6.1,360
2024-04-28T11:00,6.6,81
2024-04-28T12:00,15.2,95
2024-04-28T13:00,21.7,96
2024-04-28T14:00,19.8,90
2024-04-28T15:00,16.2,90
2024-04-28T16:00,17.0,95
2024-04-28T17:00,18.7,101
2024-04-28T18:00,17.0,94
2024-04-28T19:00,17.0,86
2024-04-28T20:00,11.7,72
2024-04-28T21:00,7.1,45
2024-04-28T22:00,4.7,23
2024-04-28T23:00,8.0,352
2024-04-29T00:00,10.8,356
2024-04-29T01:00,12.4,352
2024-04-29T02:00,14.6,344
2024-04-29T03:00,18.0,340
2024-04-29T04:00,18.1,337
2024-04-29T05:00,17.3,337
2024-04-29T06:00,16.1,336
2024-04-29T07:00,14.7,338
2024-04-29T08:00,14.9,345
2024-04-29T09:00,13.4,346
2024-04-29T10:00,8.0,350
2024-04-29T11:00,12.1,78
2024-04-29T12:00,18.5,82
2024-04-29T13:00,21.6,88
2024-04-29T14:00,21.3,96
2024-04-29T15:00,19.6,84
2024-04-29T16:00,19.1,79
2024-04-29T17:00,23.1,75
2024-04-29T18:00,18.9,69
2024-04-29T19:00,18.6,72
2024-04-29T20:00,15.8,63
2024-04-29T21:00,15.1,40
2024-04-29T22:00,17.3,17
2024-04-29T23:00,18.8,4
2024-04-30T00:00,17.3,5
2024-04-30T01:00,16.2,357
2024-04-30T02:00,15.1,357
2024-04-30T03:00,17.3,1
2024-04-30T04:00,15.2,355
2024-04-30T05:00,16.1,350
2024-04-30T06:00,18.9,346
2024-04-30T07:00,18.6,350
2024-04-30T08:00,16.7,354
2024-04-30T09:00,13.8,7
2024-04-30T10:00,13.9,59
2024-04-30T11:00,24.5,87
2024-04-30T12:00,24.5,91
2024-04-30T13:00,24.5,92
2024-04-30T14:00,25.6,90
2024-04-30T15:00,24.5,93
2024-04-30T16:00,25.7,95
2024-04-30T17:00,24.5,91
2024-04-30T18:00,23.2,84
2024-04-30T19:00,22.0,80
2024-04-30T20:00,20.5,56
2024-04-30T21:00,15.9,39
2024-04-30T22:00,11.4,13
2024-04-30T23:00,22.4,44
2024-05-01T00:00,24.6,39
2024-05-01T01:00,20.7,31
2024-05-01T02:00,15.8,12
2024-05-01T03:00,6.2,21
2024-05-01T04:00,5.2,74
2024-05-01T05:00,9.3,28
2024-05-01T06:00,14.1,75
2024-05-01T07:00,18.4,89
2024-05-01T08:00,12.3,95
2024-05-01T09:00,10.4,340
2024-05-01T10:00,8.9,40
2024-05-01T11:00,12.8,106
2024-05-01T12:00,20.3,78
2024-05-01T13:00,24.7,82
2024-05-01T14:00,21.8,82
2024-05-01T15:00,20.6,94
2024-05-01T16:00,15.7,101
2024-05-01T17:00,18.1,96
2024-05-01T18:00,19.8,92
2024-05-01T19:00,20.6,106
2024-05-01T20:00,14.9,98
2024-05-01T21:00,11.2,90
2024-05-01T22:00,8.4,83
2024-05-01T23:00,7.2,93
2024-05-02T00:00,5.1,86
2024-05-02T01:00,1.8,127
2024-05-02T02:00,1.3,34
2024-05-02T03:00,11.0,229
2024-05-02T04:00,10.7,225
2024-05-02T05:00,10.3,216
2024-05-02T06:00,5.0,210
2024-05-02T07:00,1.5,166
2024-05-02T08:00,4.9,163
2024-05-02T09:00,9.0,209
2024-05-02T10:00,11.3,211
2024-05-02T11:00,11.9,209
2024-05-02T12:00,14.1,193
2024-05-02T13:00,14.5,207
2024-05-02T14:00,14.7,211
2024-05-02T15:00,18.1,185
2024-05-02T16:00,14.8,209
2024-05-02T17:00,5.4,184
2024-05-02T18:00,7.3,9
2024-05-02T19:00,9.4,23
2024-05-02T20:00,3.9,112
2024-05-02T21:00,2.7,157
2024-05-02T22:00,3.0,194
2024-05-02T23:00,4.7,360
2024-05-03T00:00,5.4,340
2024-05-03T01:00,5.0,330
2024-05-03T02:00,5.5,337
2024-05-03T03:00,4.4,325
2024-05-03T04:00,4.3,312
2024-05-03T05:00,4.4,325
2024-05-03T06:00,5.9,349
2024-05-03T07:00,6.9,351
2024-05-03T08:00,7.7,349
2024-05-03T09:00,4.1,45
2024-05-03T10:00,6.1,135
2024-05-03T11:00,8.1,148
2024-05-03T12:00,9.2,149
2024-05-03T13:00,8.4,155
2024-05-03T14:00,5.6,140
2024-05-03T15:00,8.1,111
2024-05-03T16:00,5.9,133
2024-05-03T17:00,6.2,111
2024-05-03T18:00,9.4,90
2024-05-03T19:00,11.7,99
2024-05-03T20:00,12.2,90
2024-05-03T21:00,9.7,75
2024-05-03T22:00,10.5,82
2024-05-03T23:00,12.0,81
2024-05-04T00:00,9.6,70
2024-05-04T01:00,6.6,99
2024-05-04T02:00,2.5,8
2024-05-04T03:00,3.9,338
2024-05-04T04:00,3.4,328
2024-05-04T05:00,3.4,328
2024-05-04T06:00,5.4,352
2024-05-04T07:00,8.3,358
2024-05-04T08:00,5.1,315
2024-05-04T09:00,1.8,270
2024-05-04T10:00,2.3,162
2024-05-04T11:00,4.8,167
2024-05-04T12:00,6.9,152
2024-05-04T13:00,8.5,152
2024-05-04T14:00,6.0,155
2024-05-04T15:00,7.7,139
2024-05-04T16:00,6.3,149
2024-05-04T17:00,7.0,168
2024-05-04T18:00,5.4,143
2024-05-04T19:00,3.6,143
2024-05-04T20:00,3.3,167
2024-05-04T21:00,1.8,233
2024-05-04T22:00,4.0,5
2024-05-04T23:00,2.9,360
2024-05-05T00:00,1.9,338
2024-05-05T01:00,2.5,315
2024-05-05T02:00,1.3,326
2024-05-05T03:00,2.1,301
2024-05-05T04:00,1.0,315
2024-05-05T05:00,1.0,315
2024-05-05T06:00,2.6,344
2024-05-05T07:00,1.1,342
2024-05-05T08:00,1.5,14
2024-05-05T09:00,5.8,97
2024-05-05T10:00,6.6,99
2024-05-05T11:00,6.6,112
2024-05-05T12:00,7.4,137
2024-05-05T13:00,8.4,133
2024-05-05T14:00,8.7,132
2024-05-05T15:00,8.0,117
2024-05-05T16:00,8.7,120
2024-05-05T17:00,7.5,125
2024-05-05T18:00,6.4,128
2024-05-05T19:00,4.5,119
2024-05-05T20:00,2.9,97
2024-05-05T21:00,5.0,69
2024-05-05T22:00,3.1,36
2024-05-05T23:00,3.3,13
2024-05-06T00:00,4.7,9
2024-05-06T01:00,3.3,6
2024-05-06T02:00,3.6,360
2024-05-06T03:00,4.0,350
2024-05-06T04:00,4.7,351
2024-05-06T05:00,4.5,346
2024-05-06T06:00,4.7,360
2024-05-06T07:00,4.3,355
2024-05-06T08:00,6.9,6
2024-05-06T09:00,7.4,14
2024-05-06T10:00,3.6,45
2024-05-06T11:00,4.5,166
2024-05-06T12:00,4.1,308
2024-05-06T13:00,9.0,331
2024-05-06T14:00,9.2,329
2024-05-06T15:00,3.3,96
2024-05-06T16:00,8.2,131
2024-05-06T17:00,8.4,121
2024-05-06T18:00,6.4,106
2024-05-06T19:00,5.7,72
2024-05-06T20:00,3.2,63
2024-05-06T21:00,3.1,45
2024-05-06T22:00,4.7,351
2024-05-06T23:00,3.9,338
2024-05-07T00:00,1.6,333
2024-05-07T01:00,1.8,360
2024-05-07T02:00,4.9,36
2024-05-07T03:00,3.5,336
2024-05-07T04:00,3.9,338
2024-05-07T05:00,3.4,328
2024-05-07T06:00,2.3,342
2024-05-07T07:00,7.2,354
2024-05-07T08:00,6.9,6
2024-05-07T09:00,6.8,65
2024-05-07T10:00,9.0,95
2024-05-07T11:00,9.8,114
2024-05-07T12:00,8.2,131
2024-05-07T13:00,7.5,125
2024-05-07T14:00,7.5,73
2024-05-07T15:00,4.5,61
2024-05-07T16:00,6.2,100
2024-05-07T17:00,1.8,37
2024-05-07T18:00,7.2,360
2024-05-07T19:00,3.1,54
2024-05-07T20:00,3.6,127
2024-05-07T21:00,6.6,99
2024-05-07T22:00,6.7,306
2024-05-07T23:00,8.7,322
2024-05-08T00:00,5.5,337
2024-05-08T01:00,5.0,330
2024-05-08T02:00,4.7,328
2024-05-08T03:00,5.4,356
2024-05-08T04:00,5.4,20
2024-05-08T05:00,5.1,356
2024-05-08T06:00,3.4,342
2024-05-08T07:00,4.1,345
2024-05-08T08:00,7.7,349
2024-05-08T09:00,4.7,351
2024-05-08T10:00,1.1,198
2024-05-08T11:00,7.2,186
2024-05-08T12:00,10.9,197
2024-05-08T13:00,11.4,193
2024-05-08T14:00,10.1,178
2024-05-08T15:00,10.8,180
2024-05-08T16:00,12.2,182
2024-05-08T17:00,9.9,213
2024-05-08T18:00,8.4,173
2024-05-08T19:00,7.6,180
2024-05-08T20:00,3.6,174
2024-05-08T21:00,5.7,342
2024-05-08T22:00,4.3,355
2024-05-08T23:00,4.8,347
2024-05-09T00:00,5.7,342
2024-05-09T01:00,7.0,348
2024-05-09T02:00,8.6,345
2024-05-09T03:00,11.8,348
2024-05-09T04:00,14.1,345
2024-05-09T05:00,15.9,347
2024-05-09T06:00,17.0,347
2024-05-09T07:00,17.8,342
2024-05-09T08:00,15.7,351
2024-05-09T09:00,10.7,346
2024-05-09T10:00,2.4,333
2024-05-09T11:00,5.5,191
2024-05-09T12:00,6.2,190
2024-05-09T13:00,8.0,207
2024-05-09T14:00,9.7,195
2024-05-09T15:00,11.2,176
2024-05-09T16:00,12.9,167
2024-05-09T17:00,10.7,168
2024-05-09T18:00,7.7,169
2024-05-09T19:00,5.9,194
2024-05-09T20:00,4.7,238
2024-05-09T21:00,5.9,317
2024-05-09T22:00,6.2,353
2024-05-09T23:00,8.1,347
2024-05-10T00:00,8.7,343
2024-05-10T01:00,8.9,346
2024-05-10T02:00,10.8,345
2024-05-10T03:00,10.7,348
2024-05-10T04:00,13.6,348
2024-05-10T05:00,16.2,347
2024-05-10T06:00,16.2,347
2024-05-10T07:00,16.3,346
2024-05-10T08:00,10.7,12
2024-05-10T09:00,5.5,23
2024-05-10T10:00,5.6,130
2024-05-10T11:00,8.7,156
2024-05-10T12:00,8.4,170
2024-05-10T13:00,8.3,175
2024-05-10T14:00,10.1,176
2024-05-10T15:00,7.1,165
2024-05-10T16:00,7.1,165
2024-05-10T17:00,7.6,180
2024-05-10T18:00,5.8,202
2024-05-10T19:00,4.6,225
2024-05-10T20:00,4.3,228
2024-05-10T21:00,5.8,274
2024-05-10T22:00,4.1,345
2024-05-10T23:00,4.4,351
2024-05-11T00:00,5.8,353
2024-05-11T01:00,6.6,351
2024-05-11T02:00,8.9,346
2024-05-11T03:00,9.0,344
2024-05-11T04:00,11.2,345
2024-05-11T05:00,14.0,348
2024-05-11T06:00,15.1,348
2024-05-11T07:00,15.5,348
2024-05-11T08:00,13.1,352
2024-05-11T09:00,7.4,23
2024-05-11T10:00,8.2,128
2024-05-11T11:00,8.4,160
2024-05-11T12:00,8.5,168
2024-05-11T13:00,7.6,149
2024-05-11T14:00,6.4,142
2024-05-11T15:00,5.7,125
2024-05-11T16:00,5.4,132
2024-05-11T17:00,4.7,148
2024-05-11T18:00,3.3,167
2024-05-11T19:00,1.5,166
2024-05-11T20:00,1.0,225
2024-05-11T21:00,3.5,294
2024-05-11T22:00,3.8,319
2024-05-11T23:00,2.4,333
2024-05-12T00:00,3.0,346
2024-05-12T01:00,3.3,347
2024-05-12T02:00,5.1,352
2024-05-12T03:00,4.4,351
2024-05-12T04:00,4.4,351
2024-05-12T05:00,5.8,353
2024-05-12T06:00,5.5,349
2024-05-12T07:00,7.6,352
2024-05-12T08:00,6.8,357
2024-05-12T09:00,3.6,90
2024-05-12T10:00,6.6,119
2024-05-12T11:00,7.0,125
2024-05-12T12:00,6.7,126
2024-05-12T13:00,6.9,129
2024-05-12T14:00,6.9,137
2024-05-12T15:00,5.3,152
2024-05-12T16:00,7.6,180
2024-05-12T17:00,6.9,174
2024-05-12T18:00,4.6,141
2024-05-12T19:00,3.2,117
2024-05-12T20:00,4.0,85
2024-05-12T21:00,2.3,342
2024-05-12T22:00,1.8,360
2024-05-12T23:00,3.3,13
2024-05-13T00:00,3.7,11
2024-05-13T01:00,5.5,32
2024-05-13T02:00,6.2,21
2024-05-13T03:00,5.9,11
2024-05-13T04:00,4.3,360
2024-05-13T05:00,5.1,356
2024-05-13T06:00,3.7,349
2024-05-13T07:00,2.9,353
2024-05-13T08:00,4.8,27
2024-05-13T09:00,5.9,76
2024-05-13T10:00,7.4,104
2024-05-13T11:00,8.0,108
2024-05-13T12:00,9.9,109
2024-05-13T13:00,9.2,111
2024-05-13T14:00,11.3,107
2024-05-13T15:00,10.6,108
2024-05-13T16:00,7.9,90
2024-05-13T17:00,7.5,107
2024-05-13T18:00,6.0,107
2024-05-13T19:00,5.1,94
2024-05-13T20:00,3.0,104
2024-05-13T21:00,6.1,40
2024-05-13T22:00,6.0,25
2024-05-13T23:00,1.8,360
2024-05-14T00:00,5.0,21
2024-05-14T01:00,4.0,5
2024-05-14T02:00,3.4,342
2024-05-14T03:00,4.5,346
2024-05-14T04:00,4.6,342
2024-05-14T05:00,6.0,343
2024-05-14T06:00,8.1,339
2024-05-14T07:00,8.5,348
2024-05-14T08:00,8.0,352
2024-05-14T09:00,4.1,38
2024-05-14T10:00,8.1,103
2024-05-14T11:00,12.2,104
2024-05-14T12:00,12.7,97
2024-05-14T13:00,12.8,100
2024-05-14T14:00,11.3,81
2024-05-14T15:00,10.9,56
2024-05-14T16:00,10.8,64
2024-05-14T17:00,10.9,84
2024-05-14T18:00,10.7,104
2024-05-14T19:00,10.4,70
2024-05-14T20:00,11.3,27
2024-05-14T21:00,13.0,5
2024-05-14T22:00,8.0,10
2024-05-14T23:00,11.3,59
2024-05-15T00:00,16.1,80
2024-05-15T01:00,12.5,44
2024-05-15T02:00,5.5,32
2024-05-15T03:00,5.8,338
2024-05-15T04:00,3.6,6
2024-05-15T05:00,4.5,14
2024-05-15T06:00,2.9,30
2024-05-15T07:00,3.2,360
2024-05-15T08:00,5.8,94
2024-05-15T09:00,18.8,94
2024-05-15T10:00,14.9,97
2024-05-15T11:00,17.8,97
2024-05-15T12:00,20.2,95
2024-05-15T13:00,20.4,99
2024-05-15T14:00,23.3,103
2024-05-15T15:00,13.2,107
2024-05-15T16:00,10.3,119
2024-05-15T17:00,8.7,85
2024-05-15T18:00,6.9,118
2024-05-15T19:00,7.4,113
2024-05-15T20:00,4.2,110
2024-05-15T21:00,2.6,106
2024-05-15T22:00,1.8,79
2024-05-15T23:00,4.3,355
2024-05-16T00:00,4.7,356
2024-05-16T01:00,5.5,349
2024-05-16T02:00,5.2,344
2024-05-16T03:00,6.6,9
2024-05-16T04:00,9.1,353
2024-05-16T05:00,8.6,345
2024-05-16T06:00,10.7,348
2024-05-16T07:00,3.8,311
2024-05-16T08:00,5.4,340
2024-05-16T09:00,3.9,304
2024-05-16T10:00,1.6,207
2024-05-16T11:00,10.2,170
2024-05-16T12:00,1.6,117
2024-05-16T13:00,9.1,162
2024-05-16T14:00,11.7,252
2024-05-16T15:00,17.4,202
2024-05-16T16:00,20.1,209
2024-05-16T17:00,21.3,206
2024-05-16T18:00,21.8,211
2024-05-16T19:00,21.6,217
2024-05-16T20:00,18.8,234
2024-05-16T21:00,14.3,245
2024-05-16T22:00,11.0,251
2024-05-16T23:00,9.8,262
2024-05-17T00:00,8.4,277
2024-05-17T01:00,7.0,291
2024-05-17T02:00,6.8,302
2024-05-17T03:00,6.4,308
2024-05-17T04:00,5.8,338
2024-05-17T05:00,4.6,342
2024-05-17T06:00,3.9,338
2024-05-17T07:00,7.4,346
2024-05-17T08:00,7.6,352
2024-05-17T09:00,2.3,39
2024-05-17T10:00,9.0,180
2024-05-17T11:00,18.4,206
2024-05-17T12:00,23.0,209
2024-05-17T13:00,23.0,205
2024-05-17T14:00,22.7,203
2024-05-17T15:00,21.9,207
2024-05-17T16:00,16.1,207
2024-05-17T17:00,12.8,191
2024-05-17T18:00,9.7,184
2024-05-17T19:00,2.9,173
2024-05-17T20:00,2.9,83
2024-05-17T21:00,6.2,36
2024-05-17T22:00,5.4,4
2024-05-17T23:00,5.9,349
2024-05-18T00:00,4.7,351
2024-05-18T01:00,5.0,360
2024-05-18T02:00,6.5,3
2024-05-18T03:00,6.6,13
2024-05-18T04:00,6.5,3
2024-05-18T05:00,6.1,357
2024-05-18T06:00,6.9,354
2024-05-18T07:00,8.3,360
2024-05-18T08:00,6.6,22
2024-05-18T09:00,6.5,93
2024-05-18T10:00,6.6,99
2024-05-18T11:00,7.4,119
2024-05-18T12:00,9.7,121
2024-05-18T13:00,11.6,120
2024-05-18T14:00,8.7,97
2024-05-18T15:00,7.4,119
2024-05-18T16:00,4.7,113
2024-05-18T17:00,6.6,139
2024-05-18T18:00,7.0,145
2024-05-18T19:00,4.2,160
2024-05-18T20:00,1.9,158
2024-05-18T21:00,2.3,288
2024-05-18T22:00,4.0,297
2024-05-18T23:00,2.9,300
2024-05-19T00:00,1.6,333
2024-05-19T01:00,3.3,354
2024-05-19T02:00,4.4,351
2024-05-19T03:00,4.5,346
2024-05-19T04:00,7.1,345
2024-05-19T05:00,6.7,344
2024-05-19T06:00,5.6,345
2024-05-19T07:00,6.6,347
2024-05-19T08:00,8.0,350
2024-05-19T09:00,3.3,347
2024-05-19T10:00,4.0,153
2024-05-19T11:00,6.5,161
2024-05-19T12:00,8.9,148
2024-05-19T13:00,7.4,133
2024-05-19T14:00,8.7,132
2024-05-19T15:00,9.4,133
2024-05-19T16:00,5.4,110
2024-05-19T17:00,4.8,117
2024-05-19T18:00,2.6,146
2024-05-19T19:00,0.8,243
2024-05-19T20:00,2.2,279
2024-05-19T21:00,2.6,286
2024-05-19T22:00,2.9,330
2024-05-19T23:00,4.0,355
2024-05-20T00:00,3.6,354
2024-05-20T01:00,2.2,351
2024-05-20T02:00,3.1,339
2024-05-20T03:00,3.0,346
2024-05-20T04:00,2.9,353
2024-05-20T05:00,4.6,342
2024-05-20T06:00,5.5,337
2024-05-20T07:00,5.7,342
2024-05-20T08:00,5.8,356
2024-05-20T09:00,4.3,95
2024-05-20T10:00,11.2,123
2024-05-20T11:00,11.6,116
2024-05-20T12:00,19.9,112
2024-05-20T13:00,16.5,101
2024-05-20T14:00,12.6,103
2024-05-20T15:00,7.3,99
2024-05-20T16:00,6.5,87
2024-05-20T17:00,6.3,114
2024-05-20T18:00,6.1,87
2024-05-20T19:00,5.3,62
2024-05-20T20:00,3.1,21
2024-05-20T21:00,2.6,254
2024-05-20T22:00,4.0,265
2024-05-20T23:00,2.3,288
2024-05-21T00:00,3.9,292
2024-05-21T01:00,4.3,294
2024-05-21T02:00,3.8,311
2024-05-21T03:00,6.4,254
2024-05-21T04:00,3.5,294
2024-05-21T05:00,3.1,339
2024-05-21T06:00,2.2,351
2024-05-21T07:00,2.6,344
2024-05-21T08:00,4.0,350
2024-05-21T09:00,2.3,129
2024-05-21T10:00,6.9,133
2024-05-21T11:00,8.3,178
2024-05-21T12:00,18.2,219
2024-05-21T13:00,22.1,224
2024-05-21T14:00,24.4,226
2024-05-21T15:00,23.1,233
2024-05-21T16:00,23.2,229
2024-05-21T17:00,23.1,233
2024-05-21T18:00,21.8,236
2024-05-21T19:00,21.4,234
2024-05-21T20:00,23.4,239
2024-05-21T21:00,21.5,247
2024-05-21T22:00,19.0,251
2024-05-21T23:00,15.8,249
2024-05-22T00:00,13.5,241
2024-05-22T01:00,7.2,252
2024-05-22T02:00,5.5,302
2024-05-22T03:00,4.9,324
2024-05-22T04:00,6.4,333
2024-05-22T05:00,7.7,349
2024-05-22T06:00,9.4,4
2024-05-22T07:00,9.7,4
2024-05-22T08:00,6.1,3
2024-05-22T09:00,3.3,96
2024-05-22T10:00,5.6,153
2024-05-22T11:00,8.6,165
2024-05-22T12:00,6.8,183
2024-05-22T13:00,4.3,180
2024-05-22T14:00,3.2,90
2024-05-22T15:00,6.1,183
2024-05-22T16:00,9.1,72
2024-05-22T17:00,12.7,61
2024-05-22T18:00,11.7,72
2024-05-22T19:00,9.0,85
2024-05-22T20:00,2.5,135
2024-05-22T21:00,5.4,250
2024-05-22T22:00,5.1,274
2024-05-22T23:00,3.2,333
2024-05-23T00:00,9.5,25
2024-05-23T01:00,11.3,37
2024-05-23T02:00,7.6,31
2024-05-23T03:00,3.6,174
2024-05-23T04:00,4.3,66
2024-05-23T05:00,4.4,35
2024-05-23T06:00,4.8,13
2024-05-23T07:00,5.4,4
2024-05-23T08:00,4.7,23
2024-05-23T09:00,2.6,106
2024-05-23T10:00,6.4,207
2024-05-23T11:00,7.4,209
2024-05-23T12:00,9.8,188
2024-05-23T13:00,16.1,214
2024-05-23T14:00,7.3,171
2024-05-23T15:00,10.7,168
2024-05-23T16:00,11.4,156
2024-05-23T17:00,3.9,326
2024-05-23T18:00,4.1,45
2024-05-23T19:00,6.1,45
2024-05-23T20:00,9.8,54
2024-05-23T21:00,12.1,53
2024-05-23T22:00,10.0,52
2024-05-23T23:00,6.5,56
2024-05-24T00:00,7.1,66
2024-05-24T01:00,3.5,24
2024-05-24T02:00,0.8,333
2024-05-24T03:00,3.1,339
2024-05-24T04:00,4.7,337
2024-05-24T05:00,4.7,337
2024-05-24T06:00,4.2,329
2024-05-24T07:00,5.3,332
2024-05-24T08:00,7.1,345
2024-05-24T09:00,2.4,27
2024-05-24T10:00,4.8,167
2024-05-24T11:00,8.4,173
2024-05-24T12:00,5.6,195
2024-05-24T13:00,9.3,216
2024-05-24T14:00,7.2,180
2024-05-24T15:00,11.6,175
2024-05-24T16:00,9.5,191
2024-05-24T17:00,9.3,193
2024-05-24T18:00,5.8,173
2024-05-24T19:00,9.0,175
2024-05-24T20:00,7.6,188
2024-05-24T21:00,6.1,225
2024-05-24T22:00,5.4,290
2024-05-24T23:00,3.0,346
2024-05-25T00:00,6.5,360
2024-05-25T01:00,7.9,3
2024-05-25T02:00,7.3,11
2024-05-25T03:00,9.0,358
2024-05-25T04:00,6.5,357
2024-05-25T05:00,9.4,360
2024-05-25T06:00,8.6,2
2024-05-25T07:00,8.4,10
2024-05-25T08:00,6.4,43
2024-05-25T09:00,8.0,98
2024-05-25T10:00,10.2,100
2024-05-25T11:00,11.0,113
2024-05-25T12:00,9.2,116
2024-05-25T13:00,6.2,100
2024-05-25T14:00,7.8,124
2024-05-25T15:00,7.3,123
2024-05-25T16:00,7.1,135
2024-05-25T17:00,8.4,155
2024-05-25T18:00,6.0,155
2024-05-25T19:00,4.5,151
2024-05-25T20:00,3.7,119
2024-05-25T21:00,2.5,98
2024-05-25T22:00,5.2,25
2024-05-25T23:00,6.4,16
2024-05-26T00:00,4.7,4
2024-05-26T01:00,3.6,360
2024-05-26T02:00,3.7,349
2024-05-26T03:00,1.9,338
2024-05-26T04:00,4.5,346
2024-05-26T05:00,5.2,344
2024-05-26T06:00,5.2,348
2024-05-26T07:00,4.8,347
2024-05-26T08:00,4.1,15
2024-05-26T09:00,5.0,111
2024-05-26T10:00,5.6,130
2024-05-26T11:00,6.4,142
2024-05-26T12:00,6.2,144
2024-05-26T13:00,6.6,135
2024-05-26T14:00,4.7,148
2024-05-26T15:00,4.6,135
2024-05-26T16:00,7.4,157
2024-05-26T17:00,7.2,186
2024-05-26T18:00,5.9,194
2024-05-26T19:00,6.3,193
2024-05-26T20:00,4.4,189
2024-05-26T21:00,0.0,180
2024-05-26T22:00,3.3,6
2024-05-26T23:00,5.0,360
2024-05-27T00:00,4.0,10
2024-05-27T01:00,4.9,17
2024-05-27T02:00,4.2,20
2024-05-27T03:00,4.1,15
2024-05-27T04:00,4.5,29
2024-05-27T05:00,3.9,22
2024-05-27T06:00,3.0,14
2024-05-27T07:00,4.8,27
2024-05-27T08:00,4.7,81
2024-05-27T09:00,5.8,120
2024-05-27T10:00,5.6,140
2024-05-27T11:00,5.9,133
2024-05-27T12:00,7.3,110
2024-05-27T13:00,7.2,127
2024-05-27T14:00,6.4,117
2024-05-27T15:00,8.9,137
2024-05-27T16:00,5.9,142
2024-05-27T17:00,3.1,126
2024-05-27T18:00,6.2,159
2024-05-27T19:00,7.6,183
2024-05-27T20:00,5.5,191
2024-05-27T21:00,3.5,204
2024-05-27T22:00,2.8,220
2024-05-27T23:00,0.4,360
2024-05-28T00:00,6.3,31
2024-05-28T01:00,8.5,36
2024-05-28T02:00,8.0,18
2024-05-28T03:00,4.3,360
2024-05-28T04:00,3.7,349
2024-05-28T05:00,4.8,347
2024-05-28T06:00,7.4,346
2024-05-28T07:00,9.9,350
2024-05-28T08:00,9.1,353
2024-05-28T09:00,4.0,360
2024-05-28T10:00,5.0,120
2024-05-28T11:00,8.9,153
2024-05-28T12:00,11.4,167
2024-05-28T13:00,10.7,166
2024-05-28T14:00,8.3,162
2024-05-28T15:00,8.6,178
2024-05-28T16:00,7.2,162
2024-05-28T17:00,5.9,166
2024-05-28T18:00,7.6,185
2024-05-28T19:00,6.9,174
2024-05-28T20:00,4.1,135
2024-05-28T21:00,3.7,61
2024-05-28T22:00,4.2,340
2024-05-28T23:00,4.3,318
2024-05-29T00:00,2.9,330
2024-05-29T01:00,3.4,342
2024-05-29T02:00,4.1,345
2024-05-29T03:00,5.5,337
2024-05-29T04:00,5.0,339
2024-05-29T05:00,4.9,343
2024-05-29T06:00,4.2,340
2024-05-29T07:00,3.9,338
2024-05-29T08:00,4.3,336
2024-05-29T09:00,1.1,180
2024-05-29T10:00,4.7,180
2024-05-29T11:00,7.2,177
2024-05-29T12:00,10.0,167
2024-05-29T13:00,10.8,165
2024-05-29T14:00,10.7,166
2024-05-29T15:00,7.5,163
2024-05-29T16:00,6.9,189
2024-05-29T17:00,8.2,195
2024-05-29T18:00,8.0,190
2024-05-29T19:00,4.6,198
2024-05-29T20:00,2.1,59
2024-05-29T21:00,2.1,31
2024-05-29T22:00,3.1,54
2024-05-29T23:00,4.5,61
2024-05-30T00:00,4.8,42
2024-05-30T01:00,5.6,63
2024-05-30T02:00,7.4,51
2024-05-30T03:00,5.2,56
2024-05-30T04:00,3.1,249
2024-05-30T05:00,3.6,270
2024-05-30T06:00,0.0,180
2024-05-30T07:00,1.1,360
2024-05-30T08:00,3.9,124
2024-05-30T09:00,4.7,176
2024-05-30T10:00,5.7,198
2024-05-30T11:00,7.3,191
2024-05-30T12:00,7.6,175
2024-05-30T13:00,7.7,152
2024-05-30T14:00,7.4,119
2024-05-30T15:00,7.1,114
2024-05-30T16:00,11.0,109
2024-05-30T17:00,9.3,106
2024-05-30T18:00,6.5,93
2024-05-30T19:00,6.1,90
2024-05-30T20:00,3.5,66
2024-05-30T21:00,4.3,42
2024-05-30T22:00,4.6,72
2024-05-30T23:00,8.0,72
2024-05-31T00:00,9.2,59
2024-05-31T01:00,5.9,47
2024-05-31T02:00,6.4,43
2024-05-31T03:00,4.8,27
2024-05-31T04:00,6.6,9
2024-05-31T05:00,8.3,2
2024-05-31T06:00,10.9,354
2024-05-31T07:00,12.2,346
2024-05-31T08:00,10.5,356
2024-05-31T09:00,5.2,335
2024-05-31T10:00,7.6,172
2024-05-31T11:00,10.2,170
2024-05-31T12:00,11.7,191
2024-05-31T13:00,15.1,162
2024-05-31T14:00,15.5,152
2024-05-31T15:00,6.5,84
2024-05-31T16:00,7.1,60
2024-05-31T17:00,12.0,99
2024-05-31T18:00,13.8,99
2024-05-31T19:00,8.2,113
2024-05-31T20:00,2.9,97
2024-05-31T21:00,4.9,36
2024-05-31T22:00,4.5,14
2024-05-31T23:00,4.7,356
2024-06-01T00:00,6.0,343
2024-06-01T01:00,8.4,340
2024-06-01T02:00,9.0,344
2024-06-01T03:00,5.9,346
2024-06-01T04:00,10.3,348
2024-06-01T05:00,11.5,346
2024-06-01T06:00,9.7,345
2024-06-01T07:00,9.3,347
2024-06-01T08:00,6.9,9
2024-06-01T09:00,8.4,80
2024-06-01T10:00,12.3,95
2024-06-01T11:00,16.0,99
2024-06-01T12:00,16.1,100
2024-06-01T13:00,17.3,102
2024-06-01T14:00,18.0,102
2024-06-01T15:00,13.6,102
2024-06-01T16:00,12.6,93
2024-06-01T17:00,10.7,102
2024-06-01T18:00,8.4,100
2024-06-01T19:00,4.0,80
2024-06-01T20:00,4.8,77
2024-06-01T21:00,4.3,90
2024-06-01T22:00,5.1,86
2024-06-01T23:00,6.2,83
2024-06-02T00:00,5.5,32
2024-06-02T01:00,4.7,351
2024-06-02T02:00,5.1,352
2024-06-02T03:00,5.2,16
2024-06-02T04:00,7.4,43
2024-06-02T05:00,7.9,24
2024-06-02T06:00,8.4,7
2024-06-02T07:00,8.4,25
2024-06-02T08:00,6.8,65
2024-06-02T09:00,12.3,93
2024-06-02T10:00,14.9,98
2024-06-02T11:00,12.6,103
2024-06-02T12:00,11.9,119
2024-06-02T13:00,13.1,122
2024-06-02T14:00,4.1,45
2024-06-02T15:00,5.6,117
2024-06-02T16:00,5.8,112
2024-06-02T17:00,4.7,81
2024-06-02T18:00,2.8,130
2024-06-02T19:00,8.7,173
2024-06-02T20:00,5.2,155
2024-06-02T21:00,4.4,235
2024-06-02T22:00,5.2,282
2024-06-02T23:00,4.8,312
2024-06-03T00:00,4.4,325
2024-06-03T01:00,3.2,333
2024-06-03T02:00,4.8,347
2024-06-03T03:00,3.4,342
2024-06-03T04:00,4.7,328
2024-06-03T05:00,4.9,343
2024-06-03T06:00,5.4,352
2024-06-03T07:00,6.8,357
2024-06-03T08:00,6.1,357
2024-06-03T09:00,2.3,72
2024-06-03T10:00,5.8,158
2024-06-03T11:00,7.9,177
2024-06-03T12:00,10.5,164
2024-06-03T13:00,12.0,164
2024-06-03T14:00,10.8,165
2024-06-03T15:00,9.0,164
2024-06-03T16:00,8.9,166
2024-06-03T17:00,7.9,180
2024-06-03T18:00,6.5,177
2024-06-03T19:00,4.6,141
2024-06-03T20:00,4.1,128
2024-06-03T21:00,2.6,74
2024-06-03T22:00,2.7,23
2024-06-03T23:00,5.1,39
2024-06-04T00:00,4.5,29
2024-06-04T01:00,5.6,15
2024-06-04T02:00,4.2,20
2024-06-04T03:00,4.5,14
2024-06-04T04:00,5.2,12
2024-06-04T05:00,5.1,8
2024-06-04T06:00,6.2,7
2024-06-04T07:00,7.6,25
2024-06-04T08:00,8.7,48
2024-06-04T09:00,9.4,67
2024-06-04T10:00,10.8,90
2024-06-04T11:00,12.2,104
2024-06-04T12:00,13.0,109
2024-06-04T13:00,12.4,100
2024-06-04T14:00,13.2,101
2024-06-04T15:00,10.4,110
2024-06-04T16:00,9.0,119
2024-06-04T17:00,7.5,107
2024-06-04T18:00,7.2,108
2024-06-04T19:00,6.8,108
2024-06-04T20:00,4.5,119
2024-06-04T21:00,1.5,76
2024-06-04T22:00,2.9,353
2024-06-04T23:00,4.4,351
2024-06-05T00:00,2.9,330
2024-06-05T01:00,3.1,339
2024-06-05T02:00,5.4,340
2024-06-05T03:00,6.8,342
2024-06-05T04:00,7.6,352
2024-06-05T05:00,6.3,347
2024-06-05T06:00,4.9,343
2024-06-05T07:00,4.8,347
2024-06-05T08:00,2.5,8
2024-06-05T09:00,2.0,135
2024-06-05T10:00,4.7,148
2024-06-05T11:00,7.6,161
2024-06-05T12:00,6.9,152
2024-06-05T13:00,5.4,132
2024-06-05T14:00,7.6,149
2024-06-05T15:00,8.1,148
2024-06-05T16:00,5.8,176
2024-06-05T17:00,8.0,188
2024-06-05T18:00,9.8,188
2024-06-05T19:00,9.8,197
2024-06-05T20:00,6.5,180
2024-06-05T21:00,3.2,90
2024-06-05T22:00,3.9,22
2024-06-05T23:00,4.3,5
2024-06-06T00:00,4.4,9
2024-06-06T01:00,6.3,24
2024-06-06T02:00,7.9,16
2024-06-06T03:00,5.4,352
2024-06-06T04:00,4.4,351
2024-06-06T05:00,3.3,354
2024-06-06T06:00,3.3,354
2024-06-06T07:00,4.0,350
2024-06-06T08:00,2.9,30
2024-06-06T09:00,5.7,108
2024-06-06T10:00,6.5,124
2024-06-06T11:00,6.4,128
2024-06-06T12:00,5.6,140
2024-06-06T13:00,5.2,146
2024-06-06T14:00,4.6,135
2024-06-06T15:00,6.4,128
2024-06-06T16:00,10.7,132
2024-06-06T17:00,7.0,125
2024-06-06T18:00,4.1,128
2024-06-06T19:00,3.5,114
2024-06-06T20:00,2.9,90
2024-06-06T21:00,2.7,23
2024-06-06T22:00,3.3,354
2024-06-06T23:00,2.9,353
2024-06-07T00:00,1.9,338
2024-06-07T01:00,1.6,333
2024-06-07T02:00,1.1,342
2024-06-07T03:00,0.5,315
2024-06-07T04:00,1.4,360
2024-06-07T05:00,1.5,346
2024-06-07T06:00,1.8,360
2024-06-07T07:00,4.0,27
2024-06-07T08:00,5.8,83
2024-06-07T09:00,6.2,111
2024-06-07T10:00,8.2,113
2024-06-07T11:00,8.8,102
2024-06-07T12:00,10.6,100
2024-06-07T13:00,11.5,92
2024-06-07T14:00,12.1,78
2024-06-07T15:00,7.5,125
2024-06-07T16:00,7.7,139
2024-06-07T17:00,9.5,115
2024-06-07T18:00,10.6,100
2024-06-07T19:00,9.6,77
2024-06-07T20:00,7.4,61
2024-06-07T21:00,4.2,59
2024-06-07T22:00,3.4,32
2024-06-07T23:00,5.6,50
2024-06-08T00:00,3.2,27
2024-06-08T01:00,4.4,35
2024-06-08T02:00,5.1,39
2024-06-08T03:00,1.9,292
2024-06-08T04:00,2.6,304
2024-06-08T05:00,2.9,330
2024-06-08T06:00,4.0,355
2024-06-08T07:00,0.5,315
2024-06-08T08:00,3.9,146
2024-06-08T09:00,5.4,94
2024-06-08T10:00,3.6,96
2024-06-08T11:00,8.4,130
2024-06-08T12:00,8.1,122
2024-06-08T13:00,9.4,92
2024-06-08T14:00,6.6,112
2024-06-08T15:00,9.8,62
2024-06-08T16:00,4.7,90
2024-06-08T17:00,4.1,75
2024-06-08T18:00,5.4,110
2024-06-08T19:00,8.8,99
2024-06-08T20:00,8.2,105
2024-06-08T21:00,4.7,32
2024-06-08T22:00,2.3,342
2024-06-08T23:00,2.6,56
2024-06-09T00:00,4.0,10
2024-06-09T01:00,3.8,343
2024-06-09T02:00,2.6,344
2024-06-09T03:00,2.3,342
2024-06-09T04:00,4.2,340
2024-06-09T05:00,3.4,342
2024-06-09T06:00,6.9,9
2024-06-09T07:00,6.1,332
2024-06-09T08:00,2.1,329
2024-06-09T09:00,3.8,49
2024-06-09T10:00,9.4,108
2024-06-09T11:00,4.2,340
2024-06-09T12:00,5.4,82
2024-06-09T13:00,13.7,117
2024-06-09T14:00,19.8,115
2024-06-09T15:00,24.1,90
2024-06-09T16:00,6.9,96
2024-06-09T17:00,19.0,105
2024-06-09T18:00,19.9,134
2024-06-09T19:00,18.0,102
2024-06-09T20:00,10.5,82
2024-06-09T21:00,8.1,21
2024-06-09T22:00,1.1,162
2024-06-09T23:00,3.2,207
2024-06-10T00:00,3.4,252
2024-06-10T01:00,3.1,339
2024-06-10T02:00,NaN,NaN
2024-06-10T03:00,NaN,NaN
2024-06-10T04:00,NaN,NaN
2024-06-10T05:00,NaN,NaN
2024-06-10T06:00,NaN,NaN
2024-06-10T07:00,NaN,NaN
2024-06-10T08:00,NaN,NaN
2024-06-10T09:00,NaN,NaN
2024-06-10T10:00,NaN,NaN
2024-06-10T11:00,NaN,NaN
2024-06-10T12:00,NaN,NaN
2024-06-10T13:00,NaN,NaN
2024-06-10T14:00,NaN,NaN
2024-06-10T15:00,NaN,NaN
2024-06-10T16:00,NaN,NaN
2024-06-10T17:00,NaN,NaN
2024-06-10T18:00,NaN,NaN
2024-06-10T19:00,NaN,NaN
2024-06-10T20:00,NaN,NaN
2024-06-10T21:00,NaN,NaN
2024-06-10T22:00,NaN,NaN
2024-06-10T23:00,NaN,NaN
2024-06-11T00:00,NaN,NaN
2024-06-11T01:00,NaN,NaN
2024-06-11T02:00,NaN,NaN
2024-06-11T03:00,NaN,NaN
2024-06-11T04:00,NaN,NaN
2024-06-11T05:00,NaN,NaN
2024-06-11T06:00,NaN,NaN
2024-06-11T07:00,NaN,NaN
2024-06-11T08:00,NaN,NaN
2024-06-11T09:00,NaN,NaN
2024-06-11T10:00,NaN,NaN
2024-06-11T11:00,NaN,NaN
2024-06-11T12:00,NaN,NaN
2024-06-11T13:00,NaN,NaN
2024-06-11T14:00,NaN,NaN
2024-06-11T15:00,NaN,NaN
2024-06-11T16:00,NaN,NaN
2024-06-11T17:00,NaN,NaN
2024-06-11T18:00,NaN,NaN
2024-06-11T19:00,NaN,NaN
2024-06-11T20:00,NaN,NaN
2024-06-11T21:00,NaN,NaN
2024-06-11T22:00,NaN,NaN
2024-06-11T23:00,NaN,NaN
